X..bioinformatics.github.co1_metaanalysis.data.input.Phle.COI_650to660_data.processid	X..bioinformatics.github.co1_metaanalysis.data.input.Phle.COI_650to660_data.sampleid	X..bioinformatics.github.co1_metaanalysis.data.input.Phle.COI_650to660_data.recordID	X..bioinformatics.github.co1_metaanalysis.data.input.Phle.COI_650to660_data.catalognum	X..bioinformatics.github.co1_metaanalysis.data.input.Phle.COI_650to660_data.fieldnum	X..bioinformatics.github.co1_metaanalysis.data.input.Phle.COI_650to660_data.institution_storing	X..bioinformatics.github.co1_metaanalysis.data.input.Phle.COI_650to660_data.collection_code	X..bioinformatics.github.co1_metaanalysis.data.input.Phle.COI_650to660_data.bin_uri	X..bioinformatics.github.co1_metaanalysis.data.input.Phle.COI_650to660_data.phylum_taxID	X..bioinformatics.github.co1_metaanalysis.data.input.Phle.COI_650to660_data.phylum_name	X..bioinformatics.github.co1_metaanalysis.data.input.Phle.COI_650to660_data.class_taxID	X..bioinformatics.github.co1_metaanalysis.data.input.Phle.COI_650to660_data.class_name	X..bioinformatics.github.co1_metaanalysis.data.input.Phle.COI_650to660_data.order_taxID	X..bioinformatics.github.co1_metaanalysis.data.input.Phle.COI_650to660_data.order_name	X..bioinformatics.github.co1_metaanalysis.data.input.Phle.COI_650to660_data.family_taxID	X..bioinformatics.github.co1_metaanalysis.data.input.Phle.COI_650to660_data.family_name	X..bioinformatics.github.co1_metaanalysis.data.input.Phle.COI_650to660_data.subfamily_taxID	X..bioinformatics.github.co1_metaanalysis.data.input.Phle.COI_650to660_data.subfamily_name	X..bioinformatics.github.co1_metaanalysis.data.input.Phle.COI_650to660_data.genus_taxID	X..bioinformatics.github.co1_metaanalysis.data.input.Phle.COI_650to660_data.genus_name	X..bioinformatics.github.co1_metaanalysis.data.input.Phle.COI_650to660_data.species_taxID	X..bioinformatics.github.co1_metaanalysis.data.input.Phle.COI_650to660_data.species_name	X..bioinformatics.github.co1_metaanalysis.data.input.Phle.COI_650to660_data.subspecies_taxID	X..bioinformatics.github.co1_metaanalysis.data.input.Phle.COI_650to660_data.subspecies_name	X..bioinformatics.github.co1_metaanalysis.data.input.Phle.COI_650to660_data.identification_provided_by	X..bioinformatics.github.co1_metaanalysis.data.input.Phle.COI_650to660_data.identification_method	X..bioinformatics.github.co1_metaanalysis.data.input.Phle.COI_650to660_data.identification_reference	X..bioinformatics.github.co1_metaanalysis.data.input.Phle.COI_650to660_data.tax_note	X..bioinformatics.github.co1_metaanalysis.data.input.Phle.COI_650to660_data.voucher_status	X..bioinformatics.github.co1_metaanalysis.data.input.Phle.COI_650to660_data.tissue_type	X..bioinformatics.github.co1_metaanalysis.data.input.Phle.COI_650to660_data.collection_event_id	X..bioinformatics.github.co1_metaanalysis.data.input.Phle.COI_650to660_data.collectors	X..bioinformatics.github.co1_metaanalysis.data.input.Phle.COI_650to660_data.collectiondate_start	X..bioinformatics.github.co1_metaanalysis.data.input.Phle.COI_650to660_data.collectiondate_end	X..bioinformatics.github.co1_metaanalysis.data.input.Phle.COI_650to660_data.collectiontime	X..bioinformatics.github.co1_metaanalysis.data.input.Phle.COI_650to660_data.collection_note	X..bioinformatics.github.co1_metaanalysis.data.input.Phle.COI_650to660_data.site_code	X..bioinformatics.github.co1_metaanalysis.data.input.Phle.COI_650to660_data.sampling_protocol	X..bioinformatics.github.co1_metaanalysis.data.input.Phle.COI_650to660_data.lifestage	X..bioinformatics.github.co1_metaanalysis.data.input.Phle.COI_650to660_data.sex	X..bioinformatics.github.co1_metaanalysis.data.input.Phle.COI_650to660_data.reproduction	X..bioinformatics.github.co1_metaanalysis.data.input.Phle.COI_650to660_data.habitat	X..bioinformatics.github.co1_metaanalysis.data.input.Phle.COI_650to660_data.associated_specimens	X..bioinformatics.github.co1_metaanalysis.data.input.Phle.COI_650to660_data.associated_taxa	X..bioinformatics.github.co1_metaanalysis.data.input.Phle.COI_650to660_data.extrainfo	X..bioinformatics.github.co1_metaanalysis.data.input.Phle.COI_650to660_data.notes	X..bioinformatics.github.co1_metaanalysis.data.input.Phle.COI_650to660_data.lat	X..bioinformatics.github.co1_metaanalysis.data.input.Phle.COI_650to660_data.lon	X..bioinformatics.github.co1_metaanalysis.data.input.Phle.COI_650to660_data.coord_source	X..bioinformatics.github.co1_metaanalysis.data.input.Phle.COI_650to660_data.coord_accuracy	X..bioinformatics.github.co1_metaanalysis.data.input.Phle.COI_650to660_data.elev	X..bioinformatics.github.co1_metaanalysis.data.input.Phle.COI_650to660_data.depth	X..bioinformatics.github.co1_metaanalysis.data.input.Phle.COI_650to660_data.elev_accuracy	X..bioinformatics.github.co1_metaanalysis.data.input.Phle.COI_650to660_data.depth_accuracy	X..bioinformatics.github.co1_metaanalysis.data.input.Phle.COI_650to660_data.country	X..bioinformatics.github.co1_metaanalysis.data.input.Phle.COI_650to660_data.province_state	X..bioinformatics.github.co1_metaanalysis.data.input.Phle.COI_650to660_data.region	X..bioinformatics.github.co1_metaanalysis.data.input.Phle.COI_650to660_data.sector	X..bioinformatics.github.co1_metaanalysis.data.input.Phle.COI_650to660_data.exactsite	X..bioinformatics.github.co1_metaanalysis.data.input.Phle.COI_650to660_data.image_ids	X..bioinformatics.github.co1_metaanalysis.data.input.Phle.COI_650to660_data.image_urls	X..bioinformatics.github.co1_metaanalysis.data.input.Phle.COI_650to660_data.media_descriptors	X..bioinformatics.github.co1_metaanalysis.data.input.Phle.COI_650to660_data.captions	X..bioinformatics.github.co1_metaanalysis.data.input.Phle.COI_650to660_data.copyright_holders	X..bioinformatics.github.co1_metaanalysis.data.input.Phle.COI_650to660_data.copyright_years	X..bioinformatics.github.co1_metaanalysis.data.input.Phle.COI_650to660_data.copyright_licenses	X..bioinformatics.github.co1_metaanalysis.data.input.Phle.COI_650to660_data.copyright_institutions	X..bioinformatics.github.co1_metaanalysis.data.input.Phle.COI_650to660_data.photographers	X..bioinformatics.github.co1_metaanalysis.data.input.Phle.COI_650to660_data.sequenceID	X..bioinformatics.github.co1_metaanalysis.data.input.Phle.COI_650to660_data.markercode	X..bioinformatics.github.co1_metaanalysis.data.input.Phle.COI_650to660_data.genbank_accession	X..bioinformatics.github.co1_metaanalysis.data.input.Phle.COI_650to660_data.nucleotides	X..bioinformatics.github.co1_metaanalysis.data.input.Phle.COI_650to660_data.trace_ids	X..bioinformatics.github.co1_metaanalysis.data.input.Phle.COI_650to660_data.trace_names	X..bioinformatics.github.co1_metaanalysis.data.input.Phle.COI_650to660_data.trace_links	X..bioinformatics.github.co1_metaanalysis.data.input.Phle.COI_650to660_data.run_dates	X..bioinformatics.github.co1_metaanalysis.data.input.Phle.COI_650to660_data.sequencing_centers	X..bioinformatics.github.co1_metaanalysis.data.input.Phle.COI_650to660_data.directions	X..bioinformatics.github.co1_metaanalysis.data.input.Phle.COI_650to660_data.seq_primers	X..bioinformatics.github.co1_metaanalysis.data.input.Phle.COI_650to660_data.marker_codes	X..bioinformatics.github.co1_metaanalysis.data.input.Phle.COI_650to660_data.seqlen1	X..bioinformatics.github.co1_metaanalysis.data.input.Phle.COI_650to660_data.unaligned_nucleotides	X..bioinformatics.github.co1_metaanalysis.data.input.Phle.COI_650to660_data.seqlen2
GBDP23725-19	KU519505	9896590	NA	NA	Mined from GenBank, NCBI	NA	BOLD:ADK6029	20	Arthropoda	82	Insecta	127	Diptera	183623	Psychodidae	374780	Phlebotominae	211753	Phlebotomus	374785	Phlebotomus perfiliewi	NA	NA	NA	NA	Parrot, 1930	NA	NA	NA	NA	NA	NA	NA	NA	NA	NA	NA	NA	NA	NA	NA	NA	NA	NA	NA	NA	NA	NA	NA	NA	NA	NA	NA	Greece	NA	NA	NA	NA	NA	NA	NA	NA	NA	NA	NA	NA	NA	10872374	COI-5P	KU519505	ACTCTTTATTTTATTTTTGGAGCTTGAGCCGGAATAGTAGGAACTTCATTAAGAATCTTAATTCGTGCAGAACTTGGTCACCCCGGAGCATTAATTGGAGATGATCAAATTTATAATGTAATTGTAACAGCACATGCATTTGTTATAATTTTCTTTATAGTTATACCTATTATAATTGGTGGATTTGGAAATTGACTAGTCCCTTTAATACTAGGAGCACCTGATATAGCATTTCCACGAATAAATAATATAAGATTTTGATTACTACCTCCTTCACTAACTCTACTTTTAACTAGAAGAATAGTTGAAACTGGAGCAGGAACGGGATGAACTGTTTATCCCCCCCTTTCTAGTAATATTGCCCATAGAGGAGCTTCAGTTGATCTTGCTATTTTTTCATTACATTTAGCAGGAATCTCATCAATTTTAGGAGCTGTAAATTTTATTACAACTGTTATTAATATACGAGCTACAGGAATCACCCTTGATCGAATACCCCTCTTTGCTTGATCAGTTGTAATTACAGCAGTTTTATTACTTTTATCATTACCAGTTCTAGCAGGAGCTATTACAATACTTTTAACAGATCGTAATCTAAATACTTCCTTCTTTGACCCAGCAGGAGGGGGAGATCCTATTCTTTATCAACATCTAT	NA	NA	NA	NA	NA	NA	NA	NA	655	ACTCTTTATTTTATTTTTGGAGCTTGAGCCGGAATAGTAGGAACTTCATTAAGAATCTTAATTCGTGCAGAACTTGGTCACCCCGGAGCATTAATTGGAGATGATCAAATTTATAATGTAATTGTAACAGCACATGCATTTGTTATAATTTTCTTTATAGTTATACCTATTATAATTGGTGGATTTGGAAATTGACTAGTCCCTTTAATACTAGGAGCACCTGATATAGCATTTCCACGAATAAATAATATAAGATTTTGATTACTACCTCCTTCACTAACTCTACTTTTAACTAGAAGAATAGTTGAAACTGGAGCAGGAACGGGATGAACTGTTTATCCCCCCCTTTCTAGTAATATTGCCCATAGAGGAGCTTCAGTTGATCTTGCTATTTTTTCATTACATTTAGCAGGAATCTCATCAATTTTAGGAGCTGTAAATTTTATTACAACTGTTATTAATATACGAGCTACAGGAATCACCCTTGATCGAATACCCCTCTTTGCTTGATCAGTTGTAATTACAGCAGTTTTATTACTTTTATCATTACCAGTTCTAGCAGGAGCTATTACAATACTTTTAACAGATCGTAATCTAAATACTTCCTTCTTTGACCCAGCAGGAGGGGGAGATCCTATTCTTTATCAACATCTAT	655
GBMIN23166-13	JX105038	3179396	S2	JX105038	Mined from GenBank, NCBI	NA	BOLD:ABV8242	20	Arthropoda	82	Insecta	127	Diptera	183623	Psychodidae	374780	Phlebotominae	211753	Phlebotomus	451180	Phlebotomus argentipes	NA	NA	NA	NA	Annandale & Brunetti, 1908	NA	NA	NA	NA	NA	NA	NA	NA	NA	NA	NA	NA	NA	NA	NA	NA	NA	Phlebotomus argentipes	NA	NA	NA	NA	NA	NA	NA	NA	NA	NA	NA	NA	NA	NA	NA	NA	NA	NA	NA	NA	NA	NA	NA	5107810	COI-5P	JX105038	AGATATTGGAACTTTATACTTTATTTTTGGAGCTTGAGCTAGAATAATTGGAACTTCTCTTAGAATTTTAATTCGAGCTGAACTAGGTCATCCAGGATCATTAATTGGAAACGACCAAATTTATAATGTTGTTGTTACTGCACATGCCTTTATTATAATTTTTTTTATAGTTATACCAATTATAATTGGAGGATTTGGTAACTGACTAATTCCTCTAATATTAGGAGCCCCAGATATGGCCTTTCCTCGTATAAATAACATAAGATTTTGACTTCTTCCCCCCTCTTTATCTTTATTATTAACAAGAAGAATAGTTGAAATAGGGGCAGGAACAGGATGAACTGTTTATCCTCCTTTATCTAGAAATATTGCCCATGCAGGAGCTTCTGTTGACTTAGCTATTTTTTCTCTTCATCTAGCCGGAATTTCCTCAATTTTAGGAGCCGTAAACTTTATTACCACAATTATTAATATACGAACAACAGGAATCTCTTTTGATCGAATATCTCTTTTTACTTGATCTGTTATAATTACAGCAGTTCTATTACTTCTATCTCTCCCTGTTCTAGCAGGAGCTATTACTATATTATTAACAGATCGAAACCTAAATACATCTTTTTTTGATCCTGCTGGAGGAGGAGACCCAATTTTATA	NA	NA	NA	NA	NA	NA	NA	NA	654	AGATATTGGAACTTTATACTTTATTTTTGGAGCTTGAGCTAGAATAATTGGAACTTCTCTTAGAATTTTAATTCGAGCTGAACTAGGTCATCCAGGATCATTAATTGGAAACGACCAAATTTATAATGTTGTTGTTACTGCACATGCCTTTATTATAATTTTTTTTATAGTTATACCAATTATAATTGGAGGATTTGGTAACTGACTAATTCCTCTAATATTAGGAGCCCCAGATATGGCCTTTCCTCGTATAAATAACATAAGATTTTGACTTCTTCCCCCCTCTTTATCTTTATTATTAACAAGAAGAATAGTTGAAATAGGGGCAGGAACAGGATGAACTGTTTATCCTCCTTTATCTAGAAATATTGCCCATGCAGGAGCTTCTGTTGACTTAGCTATTTTTTCTCTTCATCTAGCCGGAATTTCCTCAATTTTAGGAGCCGTAAACTTTATTACCACAATTATTAATATACGAACAACAGGAATCTCTTTTGATCGAATATCTCTTTTTACTTGATCTGTTATAATTACAGCAGTTCTATTACTTCTATCTCTCCCTGTTCTAGCAGGAGCTATTACTATATTATTAACAGATCGAAACCTAAATACATCTTTTTTTGATCCTGCTGGAGGAGGAGACCCAATTTTATA	654
GBMIN59767-17	KR020547	8399382	NA	NA	Mined from GenBank, NCBI	NA	BOLD:ACQ7198	20	Arthropoda	82	Insecta	127	Diptera	183623	Psychodidae	374780	Phlebotominae	211753	Phlebotomus	653215	Phlebotomus bergeroti	NA	NA	NA	NA	NA	NA	NA	NA	NA	NA	NA	NA	NA	NA	NA	NA	NA	NA	NA	NA	NA	NA	NA	NA	NA	NA	NA	NA	NA	NA	NA	NA	Ethiopia	NA	NA	NA	NA	NA	NA	NA	NA	NA	NA	NA	NA	NA	9702135	COI-5P	KR020547	AACCTTATATTTTATTTTTGGAGCCTGAGCAGGAATAGTAGGTACATCCTTAAGAATCTTAATTCGAGCCGAACTTGGACATCCTGGAGCTTTAATTGGAGATGATCAAATTTATAATGTAATTGTAACAGCTCATGCATTTGTGATAATTTTTTTTATAGTTATACCTATTATAATTGGAGGATTTGGTAATTGACTTGTCCCTCTTATATTAGGTGCCCCTGATATAGCCTTTCCTCGAATAAATAATATAAGTTTTTGACTATTACCCCCTTCATTAACTTTATTATTAACAAGAAGAATAGTTGAAACTGGAGCAGGAACTGGATGAACTGTTTATCCCCCTCTTTCAAGAAATATTGCTCATGGAGGAGCCTCTGTTGATTTAGCCATTTTTTCTCTTCATTTAGCTGGTATTTCATCAATTTTAGGAGCAGTAAATTTTATTACAACTATTATTAATATACGAGCCACAGGAATTACTCTAGATCGAATACCATTATTCGCTTGATCTGTAGTAATTACTGCTGTCCTTCTTCTTCTCTCTCTTCCCGTTCTTGCAGGAGCTATTACTATACTCCTAACTGATCGAAATCTCAATACTTCATTCTTTGATCCTGCAGGAGGAGGAGATCCAATTTTATATCAACATTTATTT	NA	NA	NA	NA	NA	NA	NA	NA	658	AACCTTATATTTTATTTTTGGAGCCTGAGCAGGAATAGTAGGTACATCCTTAAGAATCTTAATTCGAGCCGAACTTGGACATCCTGGAGCTTTAATTGGAGATGATCAAATTTATAATGTAATTGTAACAGCTCATGCATTTGTGATAATTTTTTTTATAGTTATACCTATTATAATTGGAGGATTTGGTAATTGACTTGTCCCTCTTATATTAGGTGCCCCTGATATAGCCTTTCCTCGAATAAATAATATAAGTTTTTGACTATTACCCCCTTCATTAACTTTATTATTAACAAGAAGAATAGTTGAAACTGGAGCAGGAACTGGATGAACTGTTTATCCCCCTCTTTCAAGAAATATTGCTCATGGAGGAGCCTCTGTTGATTTAGCCATTTTTTCTCTTCATTTAGCTGGTATTTCATCAATTTTAGGAGCAGTAAATTTTATTACAACTATTATTAATATACGAGCCACAGGAATTACTCTAGATCGAATACCATTATTCGCTTGATCTGTAGTAATTACTGCTGTCCTTCTTCTTCTCTCTCTTCCCGTTCTTGCAGGAGCTATTACTATACTCCTAACTGATCGAAATCTCAATACTTCATTCTTTGATCCTGCAGGAGGAGGAGATCCAATTTTATATCAACATTTATTT	658
GBMIN59811-17	KU519499	8399426	NA	NA	Mined from GenBank, NCBI	NA	BOLD:ADK6624	20	Arthropoda	82	Insecta	127	Diptera	183623	Psychodidae	374780	Phlebotominae	211753	Phlebotomus	789212	Phlebotomus simici	NA	NA	NA	NA	NA	NA	NA	NA	NA	NA	NA	NA	NA	NA	NA	NA	NA	NA	NA	NA	NA	NA	NA	NA	NA	NA	NA	NA	NA	NA	NA	NA	Greece	NA	Thessaloniki	NA	NA	NA	NA	NA	NA	NA	NA	NA	NA	NA	9705397	COI-5P	KU519499	ACTTTATATTTTATTTTTGGTGCTTGAGCTGGAATAGTAGGTACTTCCCTAAGAATCTTAATTCGAGCTGAACTAGGTCATCCCGGTGCTTTAATTGGAGATGATCAAATTTATAATGTTATTGTTACTGCTCATGCTTTTGTAATAATTTTTTTTATAGTAATACCAATTATAATTGGAGGATTTGGTAATTGATTAATTCCTTTAATACTAGGAGCCCCAGATATAGCATTTCCACGAATAAATAATATAAGATTTTGATTATTACCCCCATCATTAACTTTATTATTAACTAGAGGAATAGTTGAAACTGGAGCAGGAACAGGATGAACTGTGTATCCTCCTCTTTCAAGAAATATTGCTCATGGAGGAGCTTCTGTAGATTTAGCAATTTTTTCTCTTCATCTTGCTGGAGTATCCTCTATTTTAGGAGCTGTAAATTTTATTACTACAGTTATTAATATACGAGCAACAGGAATTACTCTTGATCGAATACCTCTTTTTACTTGATCTGTTGTAATTACAGCTGTTCTTTTACTTTTATCATTACCTGTATTAGCTGGAGCTATTACAATACTATTAACAGATCGAAATCTAAATACTTCTTTTTTTGATCCTGCAGGAGGTGGAGATCCAATTTTATACCAACATTTAT	NA	NA	NA	NA	NA	NA	NA	NA	655	ACTTTATATTTTATTTTTGGTGCTTGAGCTGGAATAGTAGGTACTTCCCTAAGAATCTTAATTCGAGCTGAACTAGGTCATCCCGGTGCTTTAATTGGAGATGATCAAATTTATAATGTTATTGTTACTGCTCATGCTTTTGTAATAATTTTTTTTATAGTAATACCAATTATAATTGGAGGATTTGGTAATTGATTAATTCCTTTAATACTAGGAGCCCCAGATATAGCATTTCCACGAATAAATAATATAAGATTTTGATTATTACCCCCATCATTAACTTTATTATTAACTAGAGGAATAGTTGAAACTGGAGCAGGAACAGGATGAACTGTGTATCCTCCTCTTTCAAGAAATATTGCTCATGGAGGAGCTTCTGTAGATTTAGCAATTTTTTCTCTTCATCTTGCTGGAGTATCCTCTATTTTAGGAGCTGTAAATTTTATTACTACAGTTATTAATATACGAGCAACAGGAATTACTCTTGATCGAATACCTCTTTTTACTTGATCTGTTGTAATTACAGCTGTTCTTTTACTTTTATCATTACCTGTATTAGCTGGAGCTATTACAATACTATTAACAGATCGAAATCTAAATACTTCTTTTTTTGATCCTGCAGGAGGTGGAGATCCAATTTTATACCAACATTTAT	655
GBDP23845-19	KX822735	9896710	NA	NA	Mined from GenBank, NCBI	NA	BOLD:ADU8442	20	Arthropoda	82	Insecta	127	Diptera	183623	Psychodidae	374780	Phlebotominae	211753	Phlebotomus	789212	Phlebotomus simici	NA	NA	NA	NA	NA	NA	NA	NA	NA	NA	NA	NA	NA	NA	NA	NA	NA	NA	NA	NA	NA	NA	NA	NA	NA	NA	NA	NA	NA	NA	NA	NA	NA	NA	NA	NA	NA	NA	NA	NA	NA	NA	NA	NA	NA	NA	10872665	COI-5P	KX822735	AACTTTATATTTTATTTTTGGTGCTTGAGCTGGAATAGTAGGTACTTCCTTAAGAATTTTAATTCGAGCTGAATTAGGCCATCCTGGAGCTTTAATTGGAGATGACCAAATTTATAATGTTATTGTTACTGCCCATGCTTTCGTAATAATTTTCTTTATAGTAATGCCAATTATAATTGGGGGATTTGGAAATTGATTAATTCCTTTAATATTAGGTGCCCCAGACATAGCATTTCCACGAATAAATAATATAAGATTTTGATTATTACCCCCATCATTAACTTTATTATTAACTAGAGGAATAGTTGAAACTGGAGCAGGAACAGGATGAACTGTTTATCCCCCTCTTTCAAGAAATATTGCCCATGGAGGAGCTTCTGTAGATTTAGCAATTTTTTCTCTTCATCTTGCTGGAGTATCCTCTATTTTAGGAGCTGTAAATTTTATTACTACAGTTATTAATATGCGAGCAACAGGAATTACTCTTGATCGAATACCTCTTTTTACTTGATCTGTTGTAATTACAGCTGTTCTTTTACTTTTATCATTACCTGTATTAGCCGGAGCTATTACAATACTATTAACAGATCGAAATCTAAACACTTCTTTTTTTGATCCTGCTGGAGGTGGAGATCCAATCTTATATCAACATTTATTT	NA	NA	NA	NA	NA	NA	NA	NA	658	AACTTTATATTTTATTTTTGGTGCTTGAGCTGGAATAGTAGGTACTTCCTTAAGAATTTTAATTCGAGCTGAATTAGGCCATCCTGGAGCTTTAATTGGAGATGACCAAATTTATAATGTTATTGTTACTGCCCATGCTTTCGTAATAATTTTCTTTATAGTAATGCCAATTATAATTGGGGGATTTGGAAATTGATTAATTCCTTTAATATTAGGTGCCCCAGACATAGCATTTCCACGAATAAATAATATAAGATTTTGATTATTACCCCCATCATTAACTTTATTATTAACTAGAGGAATAGTTGAAACTGGAGCAGGAACAGGATGAACTGTTTATCCCCCTCTTTCAAGAAATATTGCCCATGGAGGAGCTTCTGTAGATTTAGCAATTTTTTCTCTTCATCTTGCTGGAGTATCCTCTATTTTAGGAGCTGTAAATTTTATTACTACAGTTATTAATATGCGAGCAACAGGAATTACTCTTGATCGAATACCTCTTTTTACTTGATCTGTTGTAATTACAGCTGTTCTTTTACTTTTATCATTACCTGTATTAGCCGGAGCTATTACAATACTATTAACAGATCGAAATCTAAACACTTCTTTTTTTGATCCTGCTGGAGGTGGAGATCCAATCTTATATCAACATTTATTT	658
GBMIN59794-17	LC090048	8399409	NA	NA	Mined from GenBank, NCBI	NA	BOLD:AAY5167	20	Arthropoda	82	Insecta	127	Diptera	183623	Psychodidae	374780	Phlebotominae	211753	Phlebotomus	320635	Phlebotomus papatasi	NA	NA	NA	NA	Scopoli, 1786	NA	NA	NA	NA	NA	NA	NA	NA	NA	NA	NA	NA	NA	NA	NA	NA	NA	NA	NA	NA	NA	NA	NA	NA	NA	NA	NA	Spain	NA	NA	NA	NA	NA	NA	NA	NA	NA	NA	NA	NA	NA	9709894	COI-5P	LC090048	ATCATAAAGATATTGGAACCTTATATTTTATTTTTGGGGCCTGAGCAGGGATAGTAGGTACATCCTTAAGAATCTTAATTCGAGCAGAACTCGGCCATCCTGGAGCTTTAATTGGCGATGATCAAATTTATAATGTAATTGTAACAGCTCATGCATTTGTAATAATTTTTTTTATAGTTATGCCTATTATAATTGGGGGATTTGGTAACTGACTTGTCCCTCTAATATTAGGTGCCCCTGACATAGCTTTTCCTCGAATAAATAATATAAGTTTTTGACTATTACCCCCTTCATTAACTCTATTATTAACAAGAAGAATAGTTGAAACTGGGGCAGGGACAGGGTGAACTGTTTATCCCCCTCTTTCAAGAAATATCGCTCATGGGGGAGCCTCTGTTGATTTAGCAATTTTCTCTTTACATTTAGCTGGTATTTCATCAATTTTAGGAGCAGTAAATTTTATTACAACTATTATTAATATACGAGCCACTGGGATTACTCTAGATCGAATGCCATTATTTGCCTGATCTGTAGTAATTACAGCTGTTCTCCTTCTTCTCTCTCTTCCCGTTCTTGCAGGGGCTATTACTATACTTCTAACTGATCGAAATCTCAATACTTCATTCTTTGATCCTGCAGGAGGAGGAGAT	NA	NA	NA	NA	NA	NA	NA	NA	650	ATCATAAAGATATTGGAACCTTATATTTTATTTTTGGGGCCTGAGCAGGGATAGTAGGTACATCCTTAAGAATCTTAATTCGAGCAGAACTCGGCCATCCTGGAGCTTTAATTGGCGATGATCAAATTTATAATGTAATTGTAACAGCTCATGCATTTGTAATAATTTTTTTTATAGTTATGCCTATTATAATTGGGGGATTTGGTAACTGACTTGTCCCTCTAATATTAGGTGCCCCTGACATAGCTTTTCCTCGAATAAATAATATAAGTTTTTGACTATTACCCCCTTCATTAACTCTATTATTAACAAGAAGAATAGTTGAAACTGGGGCAGGGACAGGGTGAACTGTTTATCCCCCTCTTTCAAGAAATATCGCTCATGGGGGAGCCTCTGTTGATTTAGCAATTTTCTCTTTACATTTAGCTGGTATTTCATCAATTTTAGGAGCAGTAAATTTTATTACAACTATTATTAATATACGAGCCACTGGGATTACTCTAGATCGAATGCCATTATTTGCCTGATCTGTAGTAATTACAGCTGTTCTCCTTCTTCTCTCTCTTCCCGTTCTTGCAGGGGCTATTACTATACTTCTAACTGATCGAAATCTCAATACTTCATTCTTTGATCCTGCAGGAGGAGGAGAT	650
GBMIN59801-17	KU519508	8399416	NA	NA	Mined from GenBank, NCBI	NA	BOLD:ADK6029	20	Arthropoda	82	Insecta	127	Diptera	183623	Psychodidae	374780	Phlebotominae	211753	Phlebotomus	374785	Phlebotomus perfiliewi	NA	NA	NA	NA	Parrot, 1930	NA	NA	NA	NA	NA	NA	NA	NA	NA	NA	NA	NA	NA	NA	NA	NA	NA	NA	NA	NA	NA	NA	NA	NA	NA	NA	NA	Greece	NA	Thessaloniki	NA	NA	NA	NA	NA	NA	NA	NA	NA	NA	NA	9705404	COI-5P	KU519508	ACTCTTTATTTTATTTTTGGAGCTTGAGCCGGAATAGTAGGAACTTCATTAAGAATCTTAATTCGTGCAGAACTTGGTCACCCCGGAGCATTAATTGGAGATGATCAAATTTATAATGTAATTGTAACAGCACATGCATTTGTTATAATTTTCTTTATAGTTATACCTATTATAATTGGTGGATTTGGAAATTGACTAGTCCCTTTAATACTAGGAGCACCTGATATAGCATTTCCACGAATAAATAATATAAGATTTTGATTACTACCTCCTTCACTAACTCTACTTTTAACTAGAAGAATAGTTGAAACTGGAGCAGGAACTGGATGAACTGTTTATCCCCCCCTTTCTAGTAATATTGCCCATAGAGGAGCTTCAGTTGATCTTGCTATTTTTTCATTACATTTAGCAGGAATCTCATCAATTTTAGGAGCTGTAAATTTTATTACAACTGTTATTAATATACGAGCTACAGGGATCACCCTTGATCGAATACCCCTCTTTGCTTGATCAGTTGTAATTACAGCAGTTTTATTACTTTTATCATTACCAGTTCTAGCAGGAGCTATTACAATACTTTTAACAGATCGTAATCTAAATACTTCCTTCTTTGACCCAGCAGGAGGGGGAGATCCTATTCTTTATCAACATCTAT	NA	NA	NA	NA	NA	NA	NA	NA	655	ACTCTTTATTTTATTTTTGGAGCTTGAGCCGGAATAGTAGGAACTTCATTAAGAATCTTAATTCGTGCAGAACTTGGTCACCCCGGAGCATTAATTGGAGATGATCAAATTTATAATGTAATTGTAACAGCACATGCATTTGTTATAATTTTCTTTATAGTTATACCTATTATAATTGGTGGATTTGGAAATTGACTAGTCCCTTTAATACTAGGAGCACCTGATATAGCATTTCCACGAATAAATAATATAAGATTTTGATTACTACCTCCTTCACTAACTCTACTTTTAACTAGAAGAATAGTTGAAACTGGAGCAGGAACTGGATGAACTGTTTATCCCCCCCTTTCTAGTAATATTGCCCATAGAGGAGCTTCAGTTGATCTTGCTATTTTTTCATTACATTTAGCAGGAATCTCATCAATTTTAGGAGCTGTAAATTTTATTACAACTGTTATTAATATACGAGCTACAGGGATCACCCTTGATCGAATACCCCTCTTTGCTTGATCAGTTGTAATTACAGCAGTTTTATTACTTTTATCATTACCAGTTCTAGCAGGAGCTATTACAATACTTTTAACAGATCGTAATCTAAATACTTCCTTCTTTGACCCAGCAGGAGGGGGAGATCCTATTCTTTATCAACATCTAT	655
GBMIN59813-17	KU519498	8399428	NA	NA	Mined from GenBank, NCBI	NA	BOLD:ADK6624	20	Arthropoda	82	Insecta	127	Diptera	183623	Psychodidae	374780	Phlebotominae	211753	Phlebotomus	789212	Phlebotomus simici	NA	NA	NA	NA	NA	NA	NA	NA	NA	NA	NA	NA	NA	NA	NA	NA	NA	NA	NA	NA	NA	NA	NA	NA	NA	NA	NA	NA	NA	NA	NA	NA	Greece	NA	Thessaloniki	NA	NA	NA	NA	NA	NA	NA	NA	NA	NA	NA	9705396	COI-5P	KU519498	ACTTTATATTTTATTTTTGGTGCTTGAGCTGGAATAGTAGGTACTTCCCTAAGAATCTTAATTCGAGCTGAACTAGGTCATCCCGGTGCTTTAATTGGAGATGATCAAATTTATAATGTTATTGTTACCGCCCATGCTTTTGTAATAATTTTTTTTATAGTAATACCGATTATAATTGGAGGATTTGGTAATTGATTAATTCCTTTAATACTAGGAGCCCCAGATATAGCATTTCCACGAATAAATAATATAAGATTTTGATTATTACCCCCATCATTAACTTTATTATTAACTAGAGGAATAGTTGAAACTGGAGCAGGAACAGGATGAACTGTGTATCCTCCTCTTTCAAGAAATATTGCTCATGGAGGAGCTTCTGTAGATTTAGCAATTTTTTCTCTTCATCTTGCTGGAGTATCCTCTATTTTAGGAGCTGTAAATTTTATTACTACAGTTATTAATATACGAGCAACAGGAATTACTCTTGATCGAATACCTCTTTTTACTTGATCTGTTGTAATTACAGCTGTTCTTTTACTTTTATCATTACCTGTATTAGCTGGAGCTATTACAATACTATTAACAGATCGAAATCTAAATACTTCTTTTTTTGATCCTGCAGGAGGTGGAGATCCAATTTTATACCAACATTTAT	NA	NA	NA	NA	NA	NA	NA	NA	655	ACTTTATATTTTATTTTTGGTGCTTGAGCTGGAATAGTAGGTACTTCCCTAAGAATCTTAATTCGAGCTGAACTAGGTCATCCCGGTGCTTTAATTGGAGATGATCAAATTTATAATGTTATTGTTACCGCCCATGCTTTTGTAATAATTTTTTTTATAGTAATACCGATTATAATTGGAGGATTTGGTAATTGATTAATTCCTTTAATACTAGGAGCCCCAGATATAGCATTTCCACGAATAAATAATATAAGATTTTGATTATTACCCCCATCATTAACTTTATTATTAACTAGAGGAATAGTTGAAACTGGAGCAGGAACAGGATGAACTGTGTATCCTCCTCTTTCAAGAAATATTGCTCATGGAGGAGCTTCTGTAGATTTAGCAATTTTTTCTCTTCATCTTGCTGGAGTATCCTCTATTTTAGGAGCTGTAAATTTTATTACTACAGTTATTAATATACGAGCAACAGGAATTACTCTTGATCGAATACCTCTTTTTACTTGATCTGTTGTAATTACAGCTGTTCTTTTACTTTTATCATTACCTGTATTAGCTGGAGCTATTACAATACTATTAACAGATCGAAATCTAAATACTTCTTTTTTTGATCCTGCAGGAGGTGGAGATCCAATTTTATACCAACATTTAT	655
GBMIN59815-17	KU519497	8399430	NA	NA	Mined from GenBank, NCBI	NA	BOLD:ADK6624	20	Arthropoda	82	Insecta	127	Diptera	183623	Psychodidae	374780	Phlebotominae	211753	Phlebotomus	789212	Phlebotomus simici	NA	NA	NA	NA	NA	NA	NA	NA	NA	NA	NA	NA	NA	NA	NA	NA	NA	NA	NA	NA	NA	NA	NA	NA	NA	NA	NA	NA	NA	NA	NA	NA	Greece	NA	Thessaloniki	NA	NA	NA	NA	NA	NA	NA	NA	NA	NA	NA	9705395	COI-5P	KU519497	ACTTTATATTTTATTTTTGGTGCTTGAGCTGGAATAGTAGGTACTTCCCTAAGAATCTTAATTCGAGCTGAACTAGGTCATCCCGGTGCTTTAATTGGAGATGATCAAATTTATAATGTTATTGTTACTGCCCATGCTTTTGTAATAATTTTTTTTATAGTAATACCAATTATAATTGGAGGATTTGGTAATTGATTAATTCCTTTAATACTAGGAGCCCCAGATATAGCATTTCCACGAATAAATAATATAAGATTTTGATTATTACCCCCATCATTAACTTTATTATTAACTAGAGGAATAGTTGAAACTGGAGCAGGAACAGGATGAACTGTGTATCCTCCTCTTTCAAGAAATATTGCTCATGGAGGAGCTTCTGTAGATTTAGCAATTTTTTCTCTTCATCTTGCTGGAGTATCCTCTATTTTAGGAGCTGTAAATTTTATTACTACAGTTATTAATATACGAGCAACAGGAATTACTCTTGATCGAATACCTCTTTTTACTTGATCTGTTGTAATTACAGCTGTTCTTTTACTTTTATCATTACCTGTATTAGCTGGAGCTATTACAATACTATTAACAGATCGAAATCTAAATACTTCTTTTTTTGATCCTGCAGGAGGTGGAGATCCAATTTTATACCAACATTTAT	NA	NA	NA	NA	NA	NA	NA	NA	655	ACTTTATATTTTATTTTTGGTGCTTGAGCTGGAATAGTAGGTACTTCCCTAAGAATCTTAATTCGAGCTGAACTAGGTCATCCCGGTGCTTTAATTGGAGATGATCAAATTTATAATGTTATTGTTACTGCCCATGCTTTTGTAATAATTTTTTTTATAGTAATACCAATTATAATTGGAGGATTTGGTAATTGATTAATTCCTTTAATACTAGGAGCCCCAGATATAGCATTTCCACGAATAAATAATATAAGATTTTGATTATTACCCCCATCATTAACTTTATTATTAACTAGAGGAATAGTTGAAACTGGAGCAGGAACAGGATGAACTGTGTATCCTCCTCTTTCAAGAAATATTGCTCATGGAGGAGCTTCTGTAGATTTAGCAATTTTTTCTCTTCATCTTGCTGGAGTATCCTCTATTTTAGGAGCTGTAAATTTTATTACTACAGTTATTAATATACGAGCAACAGGAATTACTCTTGATCGAATACCTCTTTTTACTTGATCTGTTGTAATTACAGCTGTTCTTTTACTTTTATCATTACCTGTATTAGCTGGAGCTATTACAATACTATTAACAGATCGAAATCTAAATACTTCTTTTTTTGATCCTGCAGGAGGTGGAGATCCAATTTTATACCAACATTTAT	655
GBMIN59817-17	KR020571	8399432	NA	NA	Mined from GenBank, NCBI	NA	BOLD:ABV7850	20	Arthropoda	82	Insecta	127	Diptera	183623	Psychodidae	374780	Phlebotominae	211753	Phlebotomus	789214	Phlebotomus sp. UNK.F.1-1	NA	NA	NA	NA	NA	NA	NA	NA	NA	NA	NA	NA	NA	NA	NA	NA	NA	NA	NA	NA	NA	NA	NA	NA	NA	NA	NA	NA	NA	NA	NA	NA	Ethiopia	NA	NA	NA	NA	NA	NA	NA	NA	NA	NA	NA	NA	NA	9702152	COI-5P	KR020571	AACCTTATATTTTATTTTYGGAGCYTGAGCAGGAATAGTAGGAACATCCTTAAGTATCTTAATTCGAGCTGAATTAGGCCACCCAGGAGCCTTAATTGGAGACGATCAAATTTATAATGTAATTGTTACAGCCCATGCATTCGTAATAATTTTCTTTATAGTAATACCTATTATAATTGGAGGATTTGGAAACTGATTAGTTCCTTTAATACTTGGAGCCCCAGATATAGCATTCCCTCGAATAAATAATATAAGTTTTTGATTACTTCCGCCTTCTCTTACTCTTCTTCTTACTAGTAGTATAGTAGAAACTGGAGCCGGGACTGGATGAACTGTTTACCCTCCCCTATCTAATAATATTGCCCATGCAGGAGCTTCTGTTGACTTAGCAATTTTTTCCTTACATTTAGCTGGTATTTCTTCTATTTTAGGAGCAGTAAATTTTATTACCACAATTATTAATATACGATCTACAGGAATAACACTAGATCGAATACCTTTATTTGCATGATCTGTAGTTATTACTGCTGTTCTTCTTTTACTTTCTCTTCCTGTACTAGCTGGAGCAATTACAATACTTCTAACTGACCGAAATCTAAATACATCCTTCTTTGAYCCTRYAGGAGGAGGMGATCCWATTTTATAYCAACATTTATTY	NA	NA	NA	NA	NA	NA	NA	NA	658	AACCTTATATTTTATTTTYGGAGCYTGAGCAGGAATAGTAGGAACATCCTTAAGTATCTTAATTCGAGCTGAATTAGGCCACCCAGGAGCCTTAATTGGAGACGATCAAATTTATAATGTAATTGTTACAGCCCATGCATTCGTAATAATTTTCTTTATAGTAATACCTATTATAATTGGAGGATTTGGAAACTGATTAGTTCCTTTAATACTTGGAGCCCCAGATATAGCATTCCCTCGAATAAATAATATAAGTTTTTGATTACTTCCGCCTTCTCTTACTCTTCTTCTTACTAGTAGTATAGTAGAAACTGGAGCCGGGACTGGATGAACTGTTTACCCTCCCCTATCTAATAATATTGCCCATGCAGGAGCTTCTGTTGACTTAGCAATTTTTTCCTTACATTTAGCTGGTATTTCTTCTATTTTAGGAGCAGTAAATTTTATTACCACAATTATTAATATACGATCTACAGGAATAACACTAGATCGAATACCTTTATTTGCATGATCTGTAGTTATTACTGCTGTTCTTCTTTTACTTTCTCTTCCTGTACTAGCTGGAGCAATTACAATACTTCTAACTGACCGAAATCTAAATACATCCTTCTTTGAYCCTRYAGGAGGAGGMGATCCWATTTTATAYCAACATTTATTY	658
GBMIN59829-17	KU519503	8399444	NA	NA	Mined from GenBank, NCBI	NA	BOLD:ABW7121	20	Arthropoda	82	Insecta	127	Diptera	183623	Psychodidae	374780	Phlebotominae	211753	Phlebotomus	320638	Phlebotomus tobbi	NA	NA	NA	NA	Adler, Theodor & Lourie, 1930	NA	NA	NA	NA	NA	NA	NA	NA	NA	NA	NA	NA	NA	NA	NA	NA	NA	NA	NA	NA	NA	NA	NA	NA	NA	NA	NA	Greece	NA	Thessaloniki	NA	NA	NA	NA	NA	NA	NA	NA	NA	NA	NA	9705401	COI-5P	KU519503	ACTCTTTATTTTATCTTCGGAGCTTGAGCAGGAATAGTTGGAACTTCGTTAAGAATTTTAATTCGAGCAGAATTAGGACACCCTGGAGCATTAATTGGAGATGATCAAATTTATAATGTAATTGTAACAGCTCATGCTTTTGTTATAATTTTCTTCATAGTTATACCTATTATAATTGGAGGATTTGGAAATTGACTTGTTCCTTTAATATTAGGTGCCCCTGATATAGCATTTCCACGAATAAATAATATAAGATTTTGACTATTACCTCCTTCATTAACTCTTCTTTTAACTAGAAGAATAGTTGAAACTGGAGCAGGAACAGGATGAACAGTTTATCCCCCTCTTTCAAGTAATATTGCACATAGAGGAGCATCAGTTGATCTTGCTATTTTTTCCCTTCATTTAGCAGGAATTTCTTCGATTCTAGGAGCTGTAAATTTTATTACAACTGTAATTAATATACGAGCAACAGGAATTACCCTTGATCGAATACCTTTATTTGCCTGATCAGTTGTAATTACAGCCGTTTTATTACTTCTATCTCTACCTGTACTAGCCGGAGCTATTACAATACTCTTAACAGACCGTAATTTAAATACTTCCTTTTTTGATCCTGCAGGAGGAGGAGACCCTATTCTTTATCAACACTTAT	NA	NA	NA	NA	NA	NA	NA	NA	655	ACTCTTTATTTTATCTTCGGAGCTTGAGCAGGAATAGTTGGAACTTCGTTAAGAATTTTAATTCGAGCAGAATTAGGACACCCTGGAGCATTAATTGGAGATGATCAAATTTATAATGTAATTGTAACAGCTCATGCTTTTGTTATAATTTTCTTCATAGTTATACCTATTATAATTGGAGGATTTGGAAATTGACTTGTTCCTTTAATATTAGGTGCCCCTGATATAGCATTTCCACGAATAAATAATATAAGATTTTGACTATTACCTCCTTCATTAACTCTTCTTTTAACTAGAAGAATAGTTGAAACTGGAGCAGGAACAGGATGAACAGTTTATCCCCCTCTTTCAAGTAATATTGCACATAGAGGAGCATCAGTTGATCTTGCTATTTTTTCCCTTCATTTAGCAGGAATTTCTTCGATTCTAGGAGCTGTAAATTTTATTACAACTGTAATTAATATACGAGCAACAGGAATTACCCTTGATCGAATACCTTTATTTGCCTGATCAGTTGTAATTACAGCCGTTTTATTACTTCTATCTCTACCTGTACTAGCCGGAGCTATTACAATACTCTTAACAGACCGTAATTTAAATACTTCCTTTTTTGATCCTGCAGGAGGAGGAGACCCTATTCTTTATCAACACTTAT	655
DFSFS012-11	USUHS_SER002	1990069	NA	USUHS_SER002	Uniformed Services University of the Health Sciences	NA	BOLD:AAY0745	20	Arthropoda	82	Insecta	127	Diptera	183623	Psychodidae	374780	Phlebotominae	211753	Phlebotomus	211755	Phlebotomus sergenti	NA	NA	Phillip G. Lawyer	NA	Parrot, 1917	NA	NA	NA	NA	Laboratory colony	NA	NA	NA	NA	NA	NA	A	F	NA	NA	NA	NA	NA	Lab colony	NA	NA	NA	NA	NA	NA	NA	NA	NA	NA	South Sinai	NA	NA	NA	NA	NA	NA	NA	NA	NA	NA	NA	4023333	COI-5P	KC755398	AACTCTATACTTTATTTTTGGGGCTTGAGCTGGAATAGTTGGAACTTCCTTAAGAATTTTAATTCGAGCTGAACTAGGCCATCCCGGGGCTTTAATTGGTGATGACCAAATTTATAATGTAATTGTTACAGCACATGCTTTTGTAATAATTTTTTTCATAGTAATACCTATCATAATTGGTGGATTCGGTAATTGACTTGTCCCTTTAATATTAGGAGCCCCTGATATAGCCTTTCCCCGAATAAATAATATAAGTTTTTGATTACTCCCTCCTTCTTTAACCCTTTTACTAACCAGTAGAATAGTTGAAACTGGAGCAGGAACTGGATGAACAGTATATCCCCCTCTTTCTAGAAATATCGCCCATGGTGGAGCCTCTGTAGATTTAGCTATTTTTTCTCTTCATTTAGCGGGAATCTCTTCTATTTTAGGAGCTGTTAATTTTATTACTACTATTATTAATATACGAGCAACAGGTATTTCATTAGACCGAATACCACTATTTGCTTGATCTGTGGTAATTACTGCAATTCTTCTATTATTATCCTTACCTGTTTTAGCTGGAGCTATTACAATACTCCTTACTGATCGAAATCTAAATACTTCCTTCTTTGATCCTGCAGGAGGGGGAGATCCTATTTTATACCAACACTTATTT	3156769|3156864	DFSFS012-11[C_LepFolF,C_LepFolR]_R.ab1|DFSFS012-11[C_LepFolF,C_LepFolR]_F.ab1	http://trace.boldsystems.org/traceIO/bold.org/2820952|http://trace.boldsystems.org/traceIO/bold.org/2821047	2011-07-06 17:27:10|2011-07-06 18:53:01	Biodiversity Institute of Ontario|Biodiversity Institute of Ontario	R|F	C_LepFolR|C_LepFolF	COI-5P|COI-5P	658	AACTCTATACTTTATTTTTGGGGCTTGAGCTGGAATAGTTGGAACTTCCTTAAGAATTTTAATTCGAGCTGAACTAGGCCATCCCGGGGCTTTAATTGGTGATGACCAAATTTATAATGTAATTGTTACAGCACATGCTTTTGTAATAATTTTTTTCATAGTAATACCTATCATAATTGGTGGATTCGGTAATTGACTTGTCCCTTTAATATTAGGAGCCCCTGATATAGCCTTTCCCCGAATAAATAATATAAGTTTTTGATTACTCCCTCCTTCTTTAACCCTTTTACTAACCAGTAGAATAGTTGAAACTGGAGCAGGAACTGGATGAACAGTATATCCCCCTCTTTCTAGAAATATCGCCCATGGTGGAGCCTCTGTAGATTTAGCTATTTTTTCTCTTCATTTAGCGGGAATCTCTTCTATTTTAGGAGCTGTTAATTTTATTACTACTATTATTAATATACGAGCAACAGGTATTTCATTAGACCGAATACCACTATTTGCTTGATCTGTGGTAATTACTGCAATTCTTCTATTATTATCCTTACCTGTTTTAGCTGGAGCTATTACAATACTCCTTACTGATCGAAATCTAAATACTTCCTTCTTTGATCCTGCAGGAGGGGGAGATCCTATTTTATACCAACACTTATTT	658
GBDP25279-19	KY564180	9898144	PER-110	NA	Mined from GenBank, NCBI	NA	BOLD:ADS5369	20	Arthropoda	82	Insecta	127	Diptera	183623	Psychodidae	374780	Phlebotominae	211753	Phlebotomus	789218	Phlebotomus transcaucasicus	NA	NA	NA	NA	NA	NA	NA	NA	NA	NA	NA	NA	NA	NA	NA	NA	NA	NA	NA	NA	NA	NA	NA	NA	39.19	48.22	NA	NA	NA	NA	NA	NA	Azerbaijan	NA	NA	NA	NA	NA	NA	NA	NA	NA	NA	NA	NA	NA	10881685	COI-5P	KY564180	ACTCTTTATTTTATTTTTGGAGCTTGAGCCGGAATAGTAGGAACTTCATTAAGAATCTTAATTCGTGCAGAACTTGGTCACCCCGGAGCATTAATTGGAGATGATCAAATTTATAATGTAATTGTAACAGCACATGCATTTGTTATAATTTTCTTTATAGTTATACCTATTATAATTGGTGGATTTGGAAATTGACTAGTCCCTTTAATACTAGGAGCACCTGATATAGCATTTCCACGAATAAATAATATAAGATTTTGATTACTACCTCCTTCACTAACTCTACTTTTAACTAGAAGAATAGTTGAAACTGGAGCAGGAACAGGATGAACTGTTTATCCTCCTCTTTCTAGTAATATTGCCCATAGAGGAGCTTCAGTTGATCTTGCTATTTTTTCATTACATTTAGCAGGAATTTCATCAATTTTAGGAGCTGTAAATTTTATTACAACTGTTATTAATATACGTGCTACAGGAATTACCCTTGATCGAATACCCCTCTTTGCTTGATCAGTTGTAATTACAGCAGTTTTATTACTTTTATCATTACCAGTTCTAGCAGGAGCTATTACAATACTTTTAACAGATCGTAATCTAAATACTTCCTTCTTTGACCCAGCAGGAGGGGGAGACCCTATTCTTTATCAACATCTATTT	NA	NA	NA	NA	NA	NA	NA	NA	657	ACTCTTTATTTTATTTTTGGAGCTTGAGCCGGAATAGTAGGAACTTCATTAAGAATCTTAATTCGTGCAGAACTTGGTCACCCCGGAGCATTAATTGGAGATGATCAAATTTATAATGTAATTGTAACAGCACATGCATTTGTTATAATTTTCTTTATAGTTATACCTATTATAATTGGTGGATTTGGAAATTGACTAGTCCCTTTAATACTAGGAGCACCTGATATAGCATTTCCACGAATAAATAATATAAGATTTTGATTACTACCTCCTTCACTAACTCTACTTTTAACTAGAAGAATAGTTGAAACTGGAGCAGGAACAGGATGAACTGTTTATCCTCCTCTTTCTAGTAATATTGCCCATAGAGGAGCTTCAGTTGATCTTGCTATTTTTTCATTACATTTAGCAGGAATTTCATCAATTTTAGGAGCTGTAAATTTTATTACAACTGTTATTAATATACGTGCTACAGGAATTACCCTTGATCGAATACCCCTCTTTGCTTGATCAGTTGTAATTACAGCAGTTTTATTACTTTTATCATTACCAGTTCTAGCAGGAGCTATTACAATACTTTTAACAGATCGTAATCTAAATACTTCCTTCTTTGACCCAGCAGGAGGGGGAGACCCTATTCTTTATCAACATCTATTT	657
GBDP25281-19	KY564186	9898146	PER-212	NA	Mined from GenBank, NCBI	NA	BOLD:ADS5369	20	Arthropoda	82	Insecta	127	Diptera	183623	Psychodidae	374780	Phlebotominae	211753	Phlebotomus	374785	Phlebotomus perfiliewi	NA	NA	NA	NA	Parrot, 1930	NA	NA	NA	NA	NA	NA	NA	NA	NA	NA	NA	NA	NA	NA	NA	NA	NA	NA	NA	39.19	48.22	NA	NA	NA	NA	NA	NA	Azerbaijan	NA	NA	NA	NA	NA	NA	NA	NA	NA	NA	NA	NA	NA	10881687	COI-5P	KY564186	ACTCTTTATTTTATTTTTGGAGCTTGAGCCGGAATAGTAGGAACTTCATTAAGAATCTTAATTCGTGCAGAACTTGGTCACCCCGGAGCATTAATTGGAGATGATCAAATTTATAATGTAATTGTAACAGCACATGCATTTGTTATAATTTTCTTTATAGTTATACCTATTATAATTGGTGGATTTGGAAATTGACTAGTCCCTTTAATACTAGGAGCACCTGATATAGCATTTCCACGAATAAATAATATAAGATTTTGATTACTACCTCCTTCACTAACTCTACTTTTAACTAGAAGAATAGTTGAAACTGGAGCAGGAACAGGATGAACTGTTTATCCTCCTCTTTCTAGTAATATTGCCCATAGAGGAGCTTCAGTTGATCTTGCTATTTTTTCATTACATTTAGCAGGAATTTCATCAATTTTAGGAGCTGTAAATTTTATTACAACTGTTATTAATATACGTGCTACAGGAATTACCCTTGATCGAATACCCCTCTTTGCTTGATCAGTTGTAATTACAGCAGTTTTATTACTTTTATCATTACCAGTTCTAGCAGGAGCTATTACAATACTTTTAACAGATCGTAATCTAAATACTTCCTTCTTTGACCCAGCAGGAGGGGGAGACCCTATTCTTTATCAACATCTATTT	NA	NA	NA	NA	NA	NA	NA	NA	657	ACTCTTTATTTTATTTTTGGAGCTTGAGCCGGAATAGTAGGAACTTCATTAAGAATCTTAATTCGTGCAGAACTTGGTCACCCCGGAGCATTAATTGGAGATGATCAAATTTATAATGTAATTGTAACAGCACATGCATTTGTTATAATTTTCTTTATAGTTATACCTATTATAATTGGTGGATTTGGAAATTGACTAGTCCCTTTAATACTAGGAGCACCTGATATAGCATTTCCACGAATAAATAATATAAGATTTTGATTACTACCTCCTTCACTAACTCTACTTTTAACTAGAAGAATAGTTGAAACTGGAGCAGGAACAGGATGAACTGTTTATCCTCCTCTTTCTAGTAATATTGCCCATAGAGGAGCTTCAGTTGATCTTGCTATTTTTTCATTACATTTAGCAGGAATTTCATCAATTTTAGGAGCTGTAAATTTTATTACAACTGTTATTAATATACGTGCTACAGGAATTACCCTTGATCGAATACCCCTCTTTGCTTGATCAGTTGTAATTACAGCAGTTTTATTACTTTTATCATTACCAGTTCTAGCAGGAGCTATTACAATACTTTTAACAGATCGTAATCTAAATACTTCCTTCTTTGACCCAGCAGGAGGGGGAGACCCTATTCTTTATCAACATCTATTT	657
GBDP25482-19	KY701784	9898347	Phl_SoE5s	NA	Mined from GenBank, NCBI	NA	BOLD:ADK5343	20	Arthropoda	82	Insecta	127	Diptera	183623	Psychodidae	374780	Phlebotominae	211753	Phlebotomus	211755	Phlebotomus sergenti	NA	NA	NA	NA	Parrot, 1917	NA	NA	NA	NA	NA	NA	NA	NA	NA	NA	NA	NA	NA	NA	NA	NA	NA	NA	NA	26.84	80.94	NA	NA	NA	NA	NA	NA	India	NA	NA	NA	NA	NA	NA	NA	NA	NA	NA	NA	NA	NA	10881888	COI-5P	KY701784	AACATTATATTTTATTTTTGGTGCTCGATCAGGAATAATCGGAACATCTTTAAGAATTTTAATTCGAGCAGAACTAGGACACCCTGGAGCATTAATTGGTGATGATCAAATTTATAATGTTATTGTAACTGCTCATGCTTTTATTATAATTTTTTTCATAGTTATACCAATTATAATTGGAGGATTTGGAAATTGGCTCGTCCCATTAATACTAGGAGCGCCCGATATAGCTTTCCCCCGAATAAATAATATAAGATTTTGCCTACTTCCTCCTTCATTAACTCTTTTATTAACAAGAAGAATAGTTGAAACTGGAGCAGGAACAGGATGCACTGTTTATCCCCCCTTATCTAGAAATATTGCTCATGGAGGAGCTTCAGTTGATTTAGCAATTTTTTCTCTTCACTTAGCAGGAATTTCCTCTATTTTAGGAGCTGTAAATTTTATTACCACAGTTATTAACATACGATCAACAGGTATTACACTTGACCGAATACCTTTATTTGCCTGGTCTGTTGTAATTACAGCTGTCCTTTTACTTCTTTCTCTCCCTGTTCTAGCAGGAGCAATTACCATACTTCTAACAGATCGAAACTTAAATACTTCATTTTTTGATCCAGCTGGAGGTGGAGATCCAATTTTATATCAACATTTATTT	NA	NA	NA	NA	NA	NA	NA	NA	658	AACATTATATTTTATTTTTGGTGCTCGATCAGGAATAATCGGAACATCTTTAAGAATTTTAATTCGAGCAGAACTAGGACACCCTGGAGCATTAATTGGTGATGATCAAATTTATAATGTTATTGTAACTGCTCATGCTTTTATTATAATTTTTTTCATAGTTATACCAATTATAATTGGAGGATTTGGAAATTGGCTCGTCCCATTAATACTAGGAGCGCCCGATATAGCTTTCCCCCGAATAAATAATATAAGATTTTGCCTACTTCCTCCTTCATTAACTCTTTTATTAACAAGAAGAATAGTTGAAACTGGAGCAGGAACAGGATGCACTGTTTATCCCCCCTTATCTAGAAATATTGCTCATGGAGGAGCTTCAGTTGATTTAGCAATTTTTTCTCTTCACTTAGCAGGAATTTCCTCTATTTTAGGAGCTGTAAATTTTATTACCACAGTTATTAACATACGATCAACAGGTATTACACTTGACCGAATACCTTTATTTGCCTGGTCTGTTGTAATTACAGCTGTCCTTTTACTTCTTTCTCTCCCTGTTCTAGCAGGAGCAATTACCATACTTCTAACAGATCGAAACTTAAATACTTCATTTTTTGATCCAGCTGGAGGTGGAGATCCAATTTTATATCAACATTTATTT	658
GBMIN23185-13	JX105041	3179415	NA	JX105041	Mined from GenBank, NCBI	NA	BOLD:ACD7446	20	Arthropoda	82	Insecta	127	Diptera	183623	Psychodidae	374780	Phlebotominae	211753	Phlebotomus	521262	Phlebotomus celiae	NA	NA	NA	NA	Minter, 1962	NA	NA	NA	NA	NA	NA	NA	NA	NA	NA	NA	NA	NA	NA	NA	NA	NA	Phlebotomus celiae	NA	NA	NA	NA	NA	NA	NA	NA	NA	NA	NA	NA	NA	NA	NA	NA	NA	NA	NA	NA	NA	NA	NA	5107134	COI-5P	JX105041	AAAGATATTGGAACTTTATACTTTATTTTTGGTGCTTGAGCAGGAATAGTGGGAACATCCCTAAGAATTTTAATTCGAGCTGAATTAGGGCATCCTGGAGCTTTAATTGGAGACGATCAAATTTATAATGTAATTGTTACAGCTCATGCTTTTGTAATAATTTTTTTCATAGTAATACCTATTATAATTGGAGGATTCGGAAATTGATTAGTTCCTTTAATACTTGGAGCCCCTGATATAGCATTTCCACGAATAAATAATATAAGATTTTGACTTTTACCCCCTTCATTAACCCTTTTATTAACTAGTAGTATAGTTGAAACTGGAGCAGGAACAGGATGAACTGTTTATCCCCCCTTATCTAGTAATATTGCTCATGGAGGAGCTTCTGTTGATCTAGCAATTTTTTCTCTCCATTTAGCAGGAATTTCTTCTATTTTAGGAGCAGTTAATTTTATTACTACAATTATTAACATACGAGCTACTGGTATTACATTAGATCGAATACCTTTATTTGCATGATCTGTTGTAATTACTGCTGTTTTACTATTATTATCCTTACCAGTTCTTGCAGGAGCTATTACAATACTTTTAACAGACCGAAATTTAAATACATCTTTTTTTGACCCCGCTGTGGGAGGAGACCCTATTTTATA	NA	NA	NA	NA	NA	NA	NA	NA	656	AAAGATATTGGAACTTTATACTTTATTTTTGGTGCTTGAGCAGGAATAGTGGGAACATCCCTAAGAATTTTAATTCGAGCTGAATTAGGGCATCCTGGAGCTTTAATTGGAGACGATCAAATTTATAATGTAATTGTTACAGCTCATGCTTTTGTAATAATTTTTTTCATAGTAATACCTATTATAATTGGAGGATTCGGAAATTGATTAGTTCCTTTAATACTTGGAGCCCCTGATATAGCATTTCCACGAATAAATAATATAAGATTTTGACTTTTACCCCCTTCATTAACCCTTTTATTAACTAGTAGTATAGTTGAAACTGGAGCAGGAACAGGATGAACTGTTTATCCCCCCTTATCTAGTAATATTGCTCATGGAGGAGCTTCTGTTGATCTAGCAATTTTTTCTCTCCATTTAGCAGGAATTTCTTCTATTTTAGGAGCAGTTAATTTTATTACTACAATTATTAACATACGAGCTACTGGTATTACATTAGATCGAATACCTTTATTTGCATGATCTGTTGTAATTACTGCTGTTTTACTATTATTATCCTTACCAGTTCTTGCAGGAGCTATTACAATACTTTTAACAGACCGAAATTTAAATACATCTTTTTTTGACCCCGCTGTGGGAGGAGACCCTATTTTATA	656
GBMIN59768-17	KR020546	8399383	NA	NA	Mined from GenBank, NCBI	NA	BOLD:AAY5167	20	Arthropoda	82	Insecta	127	Diptera	183623	Psychodidae	374780	Phlebotominae	211753	Phlebotomus	653215	Phlebotomus bergeroti	NA	NA	NA	NA	NA	NA	NA	NA	NA	NA	NA	NA	NA	NA	NA	NA	NA	NA	NA	NA	NA	NA	NA	NA	NA	NA	NA	NA	NA	NA	NA	NA	Ethiopia	NA	NA	NA	NA	NA	NA	NA	NA	NA	NA	NA	NA	NA	9702134	COI-5P	KR020546	AACCTTATATTTTATTTTTGGAGCCTGAGCAGGGATAGTAGGTACATCCTTAAGAATCTTAATTCGAGCAGAACTCGGCCATCCTGGAGCTTTAATTGGCGATGATCAAATTTATAATGTAATTGTAACAGCTCATGCATTTGTAATAATTTTTTTTATAGTTATGCCTATTATAATTGGGGGATTTGGTAACTGACTTGTCCCTCTAATATTAGGTGCCCCTGACATAGCTTTTCCTCGAATAAATAATATAAGTTTTTGATTATTACCCCCTTCATTAACTCTATTATTAACAAGAAGAATAGTTGAAACTGGGGCAGGAACAGGGTGAACTGTTTATCCCCCTCTTTCAAGAAATATCGCTCATGGGGGAGCCTCTGTTGATTTAGCAATTTTCTCTTTACATTTAGCTGGTATTTCATCAATTTTAGGAGCAGTAAATTTTATTACAACTATTATTAATATACGAGCCACAGGGATTACTCTAGATCGAATGCCATTATTTGCTTGATCTGTAGTAATTACAGCTGTTCTCCTTCTTCTCTCTCTTCCCGTTCTTGCAGGGGCTATTACTATACTTCTAACTGATCGAAATCTCAATACTTCATTCTTTGATCCTGCAGGAGGAGGAGATCCAATTTTATATCAACATTTATTT	NA	NA	NA	NA	NA	NA	NA	NA	658	AACCTTATATTTTATTTTTGGAGCCTGAGCAGGGATAGTAGGTACATCCTTAAGAATCTTAATTCGAGCAGAACTCGGCCATCCTGGAGCTTTAATTGGCGATGATCAAATTTATAATGTAATTGTAACAGCTCATGCATTTGTAATAATTTTTTTTATAGTTATGCCTATTATAATTGGGGGATTTGGTAACTGACTTGTCCCTCTAATATTAGGTGCCCCTGACATAGCTTTTCCTCGAATAAATAATATAAGTTTTTGATTATTACCCCCTTCATTAACTCTATTATTAACAAGAAGAATAGTTGAAACTGGGGCAGGAACAGGGTGAACTGTTTATCCCCCTCTTTCAAGAAATATCGCTCATGGGGGAGCCTCTGTTGATTTAGCAATTTTCTCTTTACATTTAGCTGGTATTTCATCAATTTTAGGAGCAGTAAATTTTATTACAACTATTATTAATATACGAGCCACAGGGATTACTCTAGATCGAATGCCATTATTTGCTTGATCTGTAGTAATTACAGCTGTTCTCCTTCTTCTCTCTCTTCCCGTTCTTGCAGGGGCTATTACTATACTTCTAACTGATCGAAATCTCAATACTTCATTCTTTGATCCTGCAGGAGGAGGAGATCCAATTTTATATCAACATTTATTT	658
GBMIN59769-17	KR020549	8399384	NA	NA	Mined from GenBank, NCBI	NA	BOLD:ADK5343	20	Arthropoda	82	Insecta	127	Diptera	183623	Psychodidae	374780	Phlebotominae	211753	Phlebotomus	789209	Phlebotomus cf. lesleyae	NA	NA	NA	NA	NA	NA	NA	NA	NA	NA	NA	NA	NA	NA	NA	NA	NA	NA	NA	NA	NA	NA	NA	NA	NA	NA	NA	NA	NA	NA	NA	NA	Ethiopia	NA	NA	NA	NA	NA	NA	NA	NA	NA	NA	NA	NA	NA	9702136	COI-5P	KR020549	AACATTATATTTTATTTTTGGTGCTTGATCAGGAATAATCGGAACATCCTTAAGAATTTTAATTCGAGCAGAACTAGGACACCCTGGAGCATTAATTGGTGATGATCAAATTTATAATGTTATTGTAACTGCTCATGCTTTTATTATAATTTTTTTCATAGTTATACCAATTATAATTGGAGGATTTGGAAATTGACTCGTCCCATTAATACTAGGAGCACCCGATATAGCTTTCCCTCGAATAAATAATATAAGATTTTGACTACTTCCTCCTTCATTAACCCTTTTATTAACAAGAAGAATAGTTGAAACTGGGGCAGGAACAGGATGAACTGTTTATCCCCCTTTATCTAGAAATATTGCTCATGGAGGAGCTTCAGTTGATTTAGCAATTTTTTCTCTTCACTTAGCAGGAATTTCCTCTATTTTAGGAGCTGTAAATTTTATTACCACAGTTATTAACATACGATCAACAGGTATTACACTTGACCGAATACCTTTATTTGCCTGATCTGTTGTAATTACAGCTGTCCTTTTACTTCTTTCTCTCCCTGTTCTAGCAGGAGCAATTACTATACTTCTAACAGATCGAAACTTAAATACTTCGTTTTTTGATCCAGCTGGAGGTGGAGATCCAATTTTATATCAACATTTWTKT	NA	NA	NA	NA	NA	NA	NA	NA	658	AACATTATATTTTATTTTTGGTGCTTGATCAGGAATAATCGGAACATCCTTAAGAATTTTAATTCGAGCAGAACTAGGACACCCTGGAGCATTAATTGGTGATGATCAAATTTATAATGTTATTGTAACTGCTCATGCTTTTATTATAATTTTTTTCATAGTTATACCAATTATAATTGGAGGATTTGGAAATTGACTCGTCCCATTAATACTAGGAGCACCCGATATAGCTTTCCCTCGAATAAATAATATAAGATTTTGACTACTTCCTCCTTCATTAACCCTTTTATTAACAAGAAGAATAGTTGAAACTGGGGCAGGAACAGGATGAACTGTTTATCCCCCTTTATCTAGAAATATTGCTCATGGAGGAGCTTCAGTTGATTTAGCAATTTTTTCTCTTCACTTAGCAGGAATTTCCTCTATTTTAGGAGCTGTAAATTTTATTACCACAGTTATTAACATACGATCAACAGGTATTACACTTGACCGAATACCTTTATTTGCCTGATCTGTTGTAATTACAGCTGTCCTTTTACTTCTTTCTCTCCCTGTTCTAGCAGGAGCAATTACTATACTTCTAACAGATCGAAACTTAAATACTTCGTTTTTTGATCCAGCTGGAGGTGGAGATCCAATTTTATATCAACATTTWTKT	658
GBMIN59771-17	KR020551	8399386	NA	NA	Mined from GenBank, NCBI	NA	BOLD:ADK5343	20	Arthropoda	82	Insecta	127	Diptera	183623	Psychodidae	374780	Phlebotominae	211753	Phlebotomus	789209	Phlebotomus cf. lesleyae	NA	NA	NA	NA	NA	NA	NA	NA	NA	NA	NA	NA	NA	NA	NA	NA	NA	NA	NA	NA	NA	NA	NA	NA	NA	NA	NA	NA	NA	NA	NA	NA	Ethiopia	NA	NA	NA	NA	NA	NA	NA	NA	NA	NA	NA	NA	NA	9702138	COI-5P	KR020551	AACATTATATTTTATTTTTGGTGCTTGATCAGGAATAATCGGAACATCTTTAAGAATTTTAATTCGAGCAGAACTAGGACACCCTGGAGCATTAATTGGTGATGATCAAATTTATAATGTTATTGTAACTGCTCATGCTTTTATTATAATTTTTTTCATAGTTATACCAATTATAATTGGAGGATTTGGAAATTGACTCGTCCCATTAATACTAGGAGCGCCCGATATAGCTTTCCCCCGAATAAATAATATAAGATTTTGACTACTTCCTCCTTCATTAACTCTTTTATTAACAAGAAGAATAGTTGAAACTGGAGCAGGAACAGGATGAACTGTTTATCCCCCCTTATCTAGAAATATTGCTCATGGAGGAGCTTCAGTTGATTTAGCAATTTTTTCTCTTCACTTAGCAGGAATTTCCTCTATTTTAGGAGCTGTAAATTTTATTACCACAGTTATTAACATACGATCAACAGGTATTACACTTGACCGAATACCTTTATTTGCCTGATCTGTTGTAATTACAGCTGTCCTTTTACTTCTTTCTCTCCCTGTTCTAGCAGGAGCAATTACCATACTTCTAACAGATCGAAACTTAAATACTTCATTTTTTGATCCAGCTGGAGGTGGAGATCCAATTTTATATCAACATTTATTT	NA	NA	NA	NA	NA	NA	NA	NA	658	AACATTATATTTTATTTTTGGTGCTTGATCAGGAATAATCGGAACATCTTTAAGAATTTTAATTCGAGCAGAACTAGGACACCCTGGAGCATTAATTGGTGATGATCAAATTTATAATGTTATTGTAACTGCTCATGCTTTTATTATAATTTTTTTCATAGTTATACCAATTATAATTGGAGGATTTGGAAATTGACTCGTCCCATTAATACTAGGAGCGCCCGATATAGCTTTCCCCCGAATAAATAATATAAGATTTTGACTACTTCCTCCTTCATTAACTCTTTTATTAACAAGAAGAATAGTTGAAACTGGAGCAGGAACAGGATGAACTGTTTATCCCCCCTTATCTAGAAATATTGCTCATGGAGGAGCTTCAGTTGATTTAGCAATTTTTTCTCTTCACTTAGCAGGAATTTCCTCTATTTTAGGAGCTGTAAATTTTATTACCACAGTTATTAACATACGATCAACAGGTATTACACTTGACCGAATACCTTTATTTGCCTGATCTGTTGTAATTACAGCTGTCCTTTTACTTCTTTCTCTCCCTGTTCTAGCAGGAGCAATTACCATACTTCTAACAGATCGAAACTTAAATACTTCATTTTTTGATCCAGCTGGAGGTGGAGATCCAATTTTATATCAACATTTATTT	658
GBMIN59775-17	KY564179	8399390	NA	NA	Mined from GenBank, NCBI	NA	BOLD:ACZ6403	20	Arthropoda	82	Insecta	127	Diptera	183623	Psychodidae	374780	Phlebotominae	211753	Phlebotomus	320636	Phlebotomus kandelakii	NA	NA	NA	NA	Shurenkova, 1929	NA	NA	NA	NA	NA	NA	NA	NA	NA	NA	NA	NA	NA	NA	NA	NA	NA	NA	NA	40.52	47.42	NA	NA	NA	NA	NA	NA	Azerbaijan	NA	NA	NA	NA	NA	NA	NA	NA	NA	NA	NA	NA	NA	9708886	COI-5P	KY564179	ACACTTTATTTTATTTTTGGAGCATGAGCCGGAATAGTAGGAACATCTTTAAGAATTTTAATTCGAGCTGAATTAGGACACCCTGGAGCTTTAATTGGAGATGATCAAATTTATAATGTAATTGTCACAGCACATGCTTTTGTCATAATTTTTTTTATAGTTATACCTATTATAATTGGAGGGTTTGGAAATTGATTAGTTCCTTTAATATTAGGAGCCCCAGATATAGCATTTCCTCGAATAAATAATATAAGATTTTGACTTCTTCCTCCCTCATTAACGTTACTTTTAACTAGAAGAATAGTTGAAACTGGAGCTGGAACGGGATGAACAGTTTATCCCCCTCTTTCAAGTAATATTGCCCATAGAGGAGCTTCTGTTGATTTAGCTATTTTTTCATTACATTTAGCCGGAATTTCTTCTATTTTAGGGGCAGTTAATTTTATTACTACTGTAATTAATATACGAGCAACAGGAATTACTCTTGACCGAATACCTTTGTTTGCATGATCAGTTGTTATTACTGCTATTTTATTACTTTTATCTTTACCAGTCTTAGCAGGAGCTATTACAATACTTTTAACAGATCGTAATTTAAATACTTCTTTTTTCGATCCAGCTGGAGGAGGAGACCCTATTTTATATCAACATTTATTT	NA	NA	NA	NA	NA	NA	NA	NA	657	ACACTTTATTTTATTTTTGGAGCATGAGCCGGAATAGTAGGAACATCTTTAAGAATTTTAATTCGAGCTGAATTAGGACACCCTGGAGCTTTAATTGGAGATGATCAAATTTATAATGTAATTGTCACAGCACATGCTTTTGTCATAATTTTTTTTATAGTTATACCTATTATAATTGGAGGGTTTGGAAATTGATTAGTTCCTTTAATATTAGGAGCCCCAGATATAGCATTTCCTCGAATAAATAATATAAGATTTTGACTTCTTCCTCCCTCATTAACGTTACTTTTAACTAGAAGAATAGTTGAAACTGGAGCTGGAACGGGATGAACAGTTTATCCCCCTCTTTCAAGTAATATTGCCCATAGAGGAGCTTCTGTTGATTTAGCTATTTTTTCATTACATTTAGCCGGAATTTCTTCTATTTTAGGGGCAGTTAATTTTATTACTACTGTAATTAATATACGAGCAACAGGAATTACTCTTGACCGAATACCTTTGTTTGCATGATCAGTTGTTATTACTGCTATTTTATTACTTTTATCTTTACCAGTCTTAGCAGGAGCTATTACAATACTTTTAACAGATCGTAATTTAAATACTTCTTTTTTCGATCCAGCTGGAGGAGGAGACCCTATTTTATATCAACATTTATTT	657
GBMIN59789-17	KR020558	8399404	NA	NA	Mined from GenBank, NCBI	NA	BOLD:ADK6538	20	Arthropoda	82	Insecta	127	Diptera	183623	Psychodidae	374780	Phlebotominae	211753	Phlebotomus	789211	Phlebotomus orientalis	NA	NA	NA	NA	NA	NA	NA	NA	NA	NA	NA	NA	NA	NA	NA	NA	NA	NA	NA	NA	NA	NA	NA	NA	NA	NA	NA	NA	NA	NA	NA	NA	Ethiopia	NA	NA	NA	NA	NA	NA	NA	NA	NA	NA	NA	NA	NA	9702142	COI-5P	KR020558	AACCCTTTATTTTATTTTTGGGGCTTGAGCAGGTATAGTTGGAACTTCTTTAAGAATTTTAATTCGAGCAGAGTTAGGGCACCCTGGAGCATTAATTGGAGATGACCAAATTTATAATGTAATTGTAACAGCCCATGCCTTTGTTATAATTTTTTTTATAGTTATACCTATTATAATTGGAGGATTTGGAAATTGACTTGTTCCTTTAATATTAGGAGCCCCTGATATAGCATTCCCACGAATAAATAATATAAGATTTTGATTACTTCCACCCTCATTAACCCTTCTTTTAACTAGAAGAATAGTTGAAACTGGAGCAGGAACAGGATGAACTGTTTATCCTCCTCTCTCTAGCAATATTGCACATAGTGGAGCCTCAGTTGACCTTGCTATTTTTTCATTACATTTAGCAGGAATTTCTTCAATTCTTGGTGCTGTAAATTTTATTACAACAGTAATCAATATACGAGCAACAGGAATTACTCTTGATCGAATACCTCTATTTGCCTGATCCGTTGTTATTACAGCCATTTTATTACTTTTATCTTTACCTGTATTAGCAGGAGCAATTACAATACTTTTAACAGACCGTAATTTAAACACTTCCTTTTTTGACCCAGCAGGAGGGGGTGATCCTATTCTTTATCAACACTTATTT	NA	NA	NA	NA	NA	NA	NA	NA	658	AACCCTTTATTTTATTTTTGGGGCTTGAGCAGGTATAGTTGGAACTTCTTTAAGAATTTTAATTCGAGCAGAGTTAGGGCACCCTGGAGCATTAATTGGAGATGACCAAATTTATAATGTAATTGTAACAGCCCATGCCTTTGTTATAATTTTTTTTATAGTTATACCTATTATAATTGGAGGATTTGGAAATTGACTTGTTCCTTTAATATTAGGAGCCCCTGATATAGCATTCCCACGAATAAATAATATAAGATTTTGATTACTTCCACCCTCATTAACCCTTCTTTTAACTAGAAGAATAGTTGAAACTGGAGCAGGAACAGGATGAACTGTTTATCCTCCTCTCTCTAGCAATATTGCACATAGTGGAGCCTCAGTTGACCTTGCTATTTTTTCATTACATTTAGCAGGAATTTCTTCAATTCTTGGTGCTGTAAATTTTATTACAACAGTAATCAATATACGAGCAACAGGAATTACTCTTGATCGAATACCTCTATTTGCCTGATCCGTTGTTATTACAGCCATTTTATTACTTTTATCTTTACCTGTATTAGCAGGAGCAATTACAATACTTTTAACAGACCGTAATTTAAACACTTCCTTTTTTGACCCAGCAGGAGGGGGTGATCCTATTCTTTATCAACACTTATTT	658
GBMIN59790-17	KR020557	8399405	NA	NA	Mined from GenBank, NCBI	NA	BOLD:ADK6538	20	Arthropoda	82	Insecta	127	Diptera	183623	Psychodidae	374780	Phlebotominae	211753	Phlebotomus	789211	Phlebotomus orientalis	NA	NA	NA	NA	NA	NA	NA	NA	NA	NA	NA	NA	NA	NA	NA	NA	NA	NA	NA	NA	NA	NA	NA	NA	NA	NA	NA	NA	NA	NA	NA	NA	Ethiopia	NA	NA	NA	NA	NA	NA	NA	NA	NA	NA	NA	NA	NA	9702141	COI-5P	KR020557	AACCCTTTATTTTATTTTTGGGGCTTGAGCAGGTATAGTTGGAACTTCTTTAAGAATTTTAATTCGAGCAGAGTTAGGGCACCCTGGAGCATTAATTGGAGATGACCAAATTTATAATGTAATTGTAACAGCCCATGCCTTTGTTATAATTTTTTTTATAGTTATACCTATTATAATTGGAGGATTTGGAAATTGACTTGTTCCTTTAATATTAGGAGCCCCTGATATAGCATTCCCACGAATAAATAATATAAGATTTTGATTACTTCCACCCTCATTAACCCTTCTTTTAACTAGAAGAATAGTTGAAACTGGAGCAGGAACAGGATGAACTGTTTATCCTCCTCTCTCTAGCAATATTGCACATAGTGGAGCCTCAGTTGACCTTGCTATTTTTTCATTACATTTAGCAGGAATTTCTTCAATTCTTGGTGCTGTAAATTTTATTACAACAGTAATCAATATACGAGCAACAGGAATTACTCTTGATCGAATACCTCTATTTGCCTGATCCGTTGTTATTACAGCCATTTTATTACTTTTATCTTTACCTGTATTAGCAGGAGCAATTACAATACTTTTAACAGACCGTAATTTAAACACTTCCTTTTTTGACCCAGCAGGAGGAGGTGATCCTATTCTTTATCAACACTTATTT	NA	NA	NA	NA	NA	NA	NA	NA	658	AACCCTTTATTTTATTTTTGGGGCTTGAGCAGGTATAGTTGGAACTTCTTTAAGAATTTTAATTCGAGCAGAGTTAGGGCACCCTGGAGCATTAATTGGAGATGACCAAATTTATAATGTAATTGTAACAGCCCATGCCTTTGTTATAATTTTTTTTATAGTTATACCTATTATAATTGGAGGATTTGGAAATTGACTTGTTCCTTTAATATTAGGAGCCCCTGATATAGCATTCCCACGAATAAATAATATAAGATTTTGATTACTTCCACCCTCATTAACCCTTCTTTTAACTAGAAGAATAGTTGAAACTGGAGCAGGAACAGGATGAACTGTTTATCCTCCTCTCTCTAGCAATATTGCACATAGTGGAGCCTCAGTTGACCTTGCTATTTTTTCATTACATTTAGCAGGAATTTCTTCAATTCTTGGTGCTGTAAATTTTATTACAACAGTAATCAATATACGAGCAACAGGAATTACTCTTGATCGAATACCTCTATTTGCCTGATCCGTTGTTATTACAGCCATTTTATTACTTTTATCTTTACCTGTATTAGCAGGAGCAATTACAATACTTTTAACAGACCGTAATTTAAACACTTCCTTTTTTGACCCAGCAGGAGGAGGTGATCCTATTCTTTATCAACACTTATTT	658
GBMIN59810-17	KU519500	8399425	NA	NA	Mined from GenBank, NCBI	NA	BOLD:ADK6624	20	Arthropoda	82	Insecta	127	Diptera	183623	Psychodidae	374780	Phlebotominae	211753	Phlebotomus	789212	Phlebotomus simici	NA	NA	NA	NA	NA	NA	NA	NA	NA	NA	NA	NA	NA	NA	NA	NA	NA	NA	NA	NA	NA	NA	NA	NA	NA	NA	NA	NA	NA	NA	NA	NA	Greece	NA	Thessaloniki	NA	NA	NA	NA	NA	NA	NA	NA	NA	NA	NA	9705398	COI-5P	KU519500	ACTTTATATTTTATTTTTGGTGCTTGAGCTGGAATAGTAGGTACTTCCCTAAGAATCTTAATTCGAGCTGAATTAGGTCATCCCGGTGCTTTAATTGGAGATGATCAAATTTATAATGTTATTGTTACTGCCCATGCTTTTGTAATAATTTTTTTTATAGTAATACCAATTATAATTGGAGGATTTGGTAATTGATTAATTCCTTTAATACTAGGAGCCCCAGATATAGCATTTCCACGAATAAATAATATAAGATTTTGATTATTACCCCCATCATTAACTTTATTATTAACTAGAGGAATAGTTGAAACTGGAGCAGGAACAGGATGAACTGTGTATCCTCCTCTTTCAAGAAATATTGCTCATGGAGGAGCTTCTGTAGATTTAGCAATTTTTTCTCTTCATCTTGCTGGAGTATCCTCTATTTTAGGAGCTGTAAATTTTATTACTACAGTTATTAATATACGAGCAACAGGAATTACTCTTGATCGAATACCTCTTTTTACTTGATCTGTTGTAATTACAGCTGTTCTTTTACTTTTATCATTACCTGTATTAGCTGGAGCTATTACAATACTATTAACAGATCGAAATCTAAATACTTCTTTTTTTGATCCTGCAGGAGGTGGAGATCCAATTTTATACCAACATTTAT	NA	NA	NA	NA	NA	NA	NA	NA	655	ACTTTATATTTTATTTTTGGTGCTTGAGCTGGAATAGTAGGTACTTCCCTAAGAATCTTAATTCGAGCTGAATTAGGTCATCCCGGTGCTTTAATTGGAGATGATCAAATTTATAATGTTATTGTTACTGCCCATGCTTTTGTAATAATTTTTTTTATAGTAATACCAATTATAATTGGAGGATTTGGTAATTGATTAATTCCTTTAATACTAGGAGCCCCAGATATAGCATTTCCACGAATAAATAATATAAGATTTTGATTATTACCCCCATCATTAACTTTATTATTAACTAGAGGAATAGTTGAAACTGGAGCAGGAACAGGATGAACTGTGTATCCTCCTCTTTCAAGAAATATTGCTCATGGAGGAGCTTCTGTAGATTTAGCAATTTTTTCTCTTCATCTTGCTGGAGTATCCTCTATTTTAGGAGCTGTAAATTTTATTACTACAGTTATTAATATACGAGCAACAGGAATTACTCTTGATCGAATACCTCTTTTTACTTGATCTGTTGTAATTACAGCTGTTCTTTTACTTTTATCATTACCTGTATTAGCTGGAGCTATTACAATACTATTAACAGATCGAAATCTAAATACTTCTTTTTTTGATCCTGCAGGAGGTGGAGATCCAATTTTATACCAACATTTAT	655
GBMIN59821-17	LC136899	8399436	NA	NA	Mined from GenBank, NCBI	NA	BOLD:ADK3748	20	Arthropoda	82	Insecta	127	Diptera	183623	Psychodidae	374780	Phlebotominae	211753	Phlebotomus	642098	Phlebotomus stantoni	NA	NA	NA	NA	NA	NA	NA	NA	NA	NA	NA	NA	NA	NA	NA	NA	NA	NA	NA	NA	NA	NA	NA	NA	18.26	98.39	NA	NA	NA	NA	NA	NA	Thailand	NA	Lamphun Province, Mae Tha District, ThaMaeLop	NA	NA	NA	NA	NA	NA	NA	NA	NA	NA	NA	9710056	COI-5P	LC136899	TTATTTTATTTTTGGTGCATGAGCAAGTATAGTAGGAACCTCATTAAGAATTTTAATCCGTGCTGAATTAGGTCACCCAGGATCTCTAATTGGAAATGATCAAATTTACAATGTTATTGTAACTGCTCATGCTTTTATTATAATTTTCTTCATAGTAATACCAATTATAATTGGAGGCTTTGGAAATTGATTAATTCCTCTTATATTAGGAGCTCCTGATATAGCTTTTCCTCGAATAAATAATATAAGTTTTTGATTATTACCCCCTTCATTATCATTACTTTTAACAAGAAGATTAGTTGAAATAGGAGCTGGAACAGGTTGAACTGTATACCCTCCTTTATCAAGAAATATTGCACATGCAGGAGCTTCAGTTGATCTTGCTATTTTTTCTCTTCATTTAGCAGGAATTTCATCAATTCTTGGAGCAGTAAATTTTATTACAACAATTATTAATATACGAACAACAGGAATTTCATTTGATCGTATATCTTTATTTACATGATCAGTTATAATTACTGCAATTCTTCTTTTATTATCATTACCTGTTTTAGCTGGAGCCATTACTATATTATTAACTGACCGAAATCTTAATACTTCATTTTTTGACCCTGCAGGTGGTGGTGATCCAATTTTATATCAACATTTAT	NA	NA	NA	NA	NA	NA	NA	NA	650	TTATTTTATTTTTGGTGCATGAGCAAGTATAGTAGGAACCTCATTAAGAATTTTAATCCGTGCTGAATTAGGTCACCCAGGATCTCTAATTGGAAATGATCAAATTTACAATGTTATTGTAACTGCTCATGCTTTTATTATAATTTTCTTCATAGTAATACCAATTATAATTGGAGGCTTTGGAAATTGATTAATTCCTCTTATATTAGGAGCTCCTGATATAGCTTTTCCTCGAATAAATAATATAAGTTTTTGATTATTACCCCCTTCATTATCATTACTTTTAACAAGAAGATTAGTTGAAATAGGAGCTGGAACAGGTTGAACTGTATACCCTCCTTTATCAAGAAATATTGCACATGCAGGAGCTTCAGTTGATCTTGCTATTTTTTCTCTTCATTTAGCAGGAATTTCATCAATTCTTGGAGCAGTAAATTTTATTACAACAATTATTAATATACGAACAACAGGAATTTCATTTGATCGTATATCTTTATTTACATGATCAGTTATAATTACTGCAATTCTTCTTTTATTATCATTACCTGTTTTAGCTGGAGCCATTACTATATTATTAACTGACCGAAATCTTAATACTTCATTTTTTGACCCTGCAGGTGGTGGTGATCCAATTTTATATCAACATTTAT	650
GBDP23768-19	KR020576	9896633	UNK.M.2-3	NA	Mined from GenBank, NCBI	NA	BOLD:ADK5343	20	Arthropoda	82	Insecta	127	Diptera	183623	Psychodidae	374780	Phlebotominae	211753	Phlebotomus	919184	Phlebotomus sp. UNK.M.2-3	NA	NA	NA	NA	NA	NA	NA	NA	NA	NA	NA	NA	NA	NA	NA	NA	NA	NA	NA	NA	NA	NA	NA	NA	NA	NA	NA	NA	NA	NA	NA	NA	Ethiopia	NA	NA	NA	NA	NA	NA	NA	NA	NA	NA	NA	NA	NA	10872180	COI-5P	KR020576	AACATTATATTTTATTTTTGGTGCTTGATCAGGAATAATTGGAACATCCTTAAGAATTTTAATTCGAGCAGAACTAGGGCACCCTGGAGCATTAATTGGTGATGATCAAATTTATAATGTTATTGTAACTGCTCATGCTTTTATTATAATTTTTTTCATAGTTATACCAATTATAATTGGAGGATTTGGAAATTGACTCGTCCCATTAATACTAGGAGCGCCCGATATAGCTTTCCCCCGAATAAATAATATAAGATTTTGACTTCTTCCTCCTTCATTAACCCTTTTATTAACAAGTAGAATAGTTGAAACTGGAGCAGGAACAGGATGAACTGTTTATCCCCCCTTATCTAGAAATATTGCTCATGGAGGAGCTTCAGTTGATTTAGCAATTTTTTCTCTTCACTTAGCAGGAATTTCCTCTATTTTAGGAGCTGTAAATTTTATTACCACAGTTATTAACATACGATCAACAGGTATTACACTTGACCGAATACCTTTATTTGCCTGATCTGTTGTAATTACAGCTGTCCTTTTACTTCTTTCTCTCCCTGTTCTAGCAGGAGCAATTACTATACTTCTAACAGATCGAAACTTAAATACTTCATTTTTTGATCCAGCTGGAGGTGGAGACCCAATTTTATATCAACATTTATTT	NA	NA	NA	NA	NA	NA	NA	NA	658	AACATTATATTTTATTTTTGGTGCTTGATCAGGAATAATTGGAACATCCTTAAGAATTTTAATTCGAGCAGAACTAGGGCACCCTGGAGCATTAATTGGTGATGATCAAATTTATAATGTTATTGTAACTGCTCATGCTTTTATTATAATTTTTTTCATAGTTATACCAATTATAATTGGAGGATTTGGAAATTGACTCGTCCCATTAATACTAGGAGCGCCCGATATAGCTTTCCCCCGAATAAATAATATAAGATTTTGACTTCTTCCTCCTTCATTAACCCTTTTATTAACAAGTAGAATAGTTGAAACTGGAGCAGGAACAGGATGAACTGTTTATCCCCCCTTATCTAGAAATATTGCTCATGGAGGAGCTTCAGTTGATTTAGCAATTTTTTCTCTTCACTTAGCAGGAATTTCCTCTATTTTAGGAGCTGTAAATTTTATTACCACAGTTATTAACATACGATCAACAGGTATTACACTTGACCGAATACCTTTATTTGCCTGATCTGTTGTAATTACAGCTGTCCTTTTACTTCTTTCTCTCCCTGTTCTAGCAGGAGCAATTACTATACTTCTAACAGATCGAAACTTAAATACTTCATTTTTTGATCCAGCTGGAGGTGGAGACCCAATTTTATATCAACATTTATTT	658
GBDP23815-19	KR020572	9896680	UNK.F.1-2	NA	Mined from GenBank, NCBI	NA	BOLD:AAY5167	20	Arthropoda	82	Insecta	127	Diptera	183623	Psychodidae	374780	Phlebotominae	211753	Phlebotomus	919188	Phlebotomus sp. UNK.F.1-2	NA	NA	NA	NA	NA	NA	NA	NA	NA	NA	NA	NA	NA	NA	NA	NA	NA	NA	NA	NA	NA	NA	NA	NA	NA	NA	NA	NA	NA	NA	NA	NA	Ethiopia	NA	NA	NA	NA	NA	NA	NA	NA	NA	NA	NA	NA	NA	10872179	COI-5P	KR020572	AACCTTATATTTTATTTTTGGAGCCTGAGCAGGGATAGTAGGTACATCCTTAAGAATCTTAATTCGAGCAGAACTCGGCCATCCTGGAGCTTTAATTGGCGATGATCAAATTTATAATGTAATTGTAACAGCTCATGCATTTGTAATAATTTTTTTTATAGTTATGCCTATTATAATTGGGGGATTTGGTAACTGACTTGTCCCTCTAATATTAGGTGCCCCTGACATAGCTTTTCCTCGAATAAATAATATAAGTTTTTGACTATTACCCCCTTCATTAACTCTATTATTAACAAGAAGAATAGTTGAAACTGGGGCAGGGACAGGGTGAACTGTTTATCCCCCTCTTTCAAGAAATATCGCTCATGGGGGAGCCTCTGTTGATTTAGCAATTTTCTCTTTACATTTAGCTGGTATTTCATCAATTTTAGGGGCAGTAAATTTTATTACAACTATTATTAATATACGAGCCACAGGAATTACTCTAGATCGAATGCCATTATTTGCTTGATCTGTAGTAATTACAGCTGTTCTCCTTCTTCTCTCTCTTCCCGTTCTTGCAGGGGCTATTACTATACTTCTAACTGATCGAAATCTCAATACTTCATTCTTTGATCCTGCAGGAGGAGGAGATCCAATTTTATATCAACATTTATTT	NA	NA	NA	NA	NA	NA	NA	NA	658	AACCTTATATTTTATTTTTGGAGCCTGAGCAGGGATAGTAGGTACATCCTTAAGAATCTTAATTCGAGCAGAACTCGGCCATCCTGGAGCTTTAATTGGCGATGATCAAATTTATAATGTAATTGTAACAGCTCATGCATTTGTAATAATTTTTTTTATAGTTATGCCTATTATAATTGGGGGATTTGGTAACTGACTTGTCCCTCTAATATTAGGTGCCCCTGACATAGCTTTTCCTCGAATAAATAATATAAGTTTTTGACTATTACCCCCTTCATTAACTCTATTATTAACAAGAAGAATAGTTGAAACTGGGGCAGGGACAGGGTGAACTGTTTATCCCCCTCTTTCAAGAAATATCGCTCATGGGGGAGCCTCTGTTGATTTAGCAATTTTCTCTTTACATTTAGCTGGTATTTCATCAATTTTAGGGGCAGTAAATTTTATTACAACTATTATTAATATACGAGCCACAGGAATTACTCTAGATCGAATGCCATTATTTGCTTGATCTGTAGTAATTACAGCTGTTCTCCTTCTTCTCTCTCTTCCCGTTCTTGCAGGGGCTATTACTATACTTCTAACTGATCGAAATCTCAATACTTCATTCTTTGATCCTGCAGGAGGAGGAGATCCAATTTTATATCAACATTTATTT	658
GBMIN59774-17	KY564178	8399389	NA	NA	Mined from GenBank, NCBI	NA	BOLD:ACZ6403	20	Arthropoda	82	Insecta	127	Diptera	183623	Psychodidae	374780	Phlebotominae	211753	Phlebotomus	320636	Phlebotomus kandelakii	NA	NA	NA	NA	Shurenkova, 1929	NA	NA	NA	NA	NA	NA	NA	NA	NA	NA	NA	NA	NA	NA	NA	NA	NA	NA	NA	40.23	47.31	NA	NA	NA	NA	NA	NA	Azerbaijan	NA	NA	NA	NA	NA	NA	NA	NA	NA	NA	NA	NA	NA	9708885	COI-5P	KY564178	ACACTTTATTTTATTTTTGGAGCATGAGCCGGAATAGTAGGAACATCTTTAAGAATTTTAATTCGAGCTGAATTAGGACACCCTGGAGCTTTAATTGGAGATGATCAAATTTATAATGTAATTGTCACAGCACATGCTTTTGTCATAATTTTTTTTATAGTTATACCTATTATAATTGGAGGGTTTGGAAATTGATTAGTTCCTTTAATATTAGGAGCCCCAGATATAGCATTTCCTCGAATAAATAATATAAGATTTTGACTTCTTCCTCCCTCATTAACGTTACTTTTAACTAGAAGAATAGTTGAAACTGGAGCTGGAACGGGATGAACAGTTTATCCCCCTCTTTCAAGTAATATTGCCCATAGAGGAGCTTCTGTTGATTTAGCTATTTTTTCATTACATTTAGCCGGAATTTCTTCTATTTTAGGGGCAGTTAATTTTATTACTACTGTAATTAATATACGAGCAACAGGAATTACTCTTGACCGAATACCTTTGTTTGCATGATCAGTTGTTATTACTGCTATTTTATTACTTTTATCTTTACCAGTCTTAGCAGGAGCTATTACAATACTTTTAACAGATCGTAATTTAAATACTTCTTTTTTCGATCCAGCTGGAGGAGGAGACCCTATTTTATATCAACATTTATTT	NA	NA	NA	NA	NA	NA	NA	NA	657	ACACTTTATTTTATTTTTGGAGCATGAGCCGGAATAGTAGGAACATCTTTAAGAATTTTAATTCGAGCTGAATTAGGACACCCTGGAGCTTTAATTGGAGATGATCAAATTTATAATGTAATTGTCACAGCACATGCTTTTGTCATAATTTTTTTTATAGTTATACCTATTATAATTGGAGGGTTTGGAAATTGATTAGTTCCTTTAATATTAGGAGCCCCAGATATAGCATTTCCTCGAATAAATAATATAAGATTTTGACTTCTTCCTCCCTCATTAACGTTACTTTTAACTAGAAGAATAGTTGAAACTGGAGCTGGAACGGGATGAACAGTTTATCCCCCTCTTTCAAGTAATATTGCCCATAGAGGAGCTTCTGTTGATTTAGCTATTTTTTCATTACATTTAGCCGGAATTTCTTCTATTTTAGGGGCAGTTAATTTTATTACTACTGTAATTAATATACGAGCAACAGGAATTACTCTTGACCGAATACCTTTGTTTGCATGATCAGTTGTTATTACTGCTATTTTATTACTTTTATCTTTACCAGTCTTAGCAGGAGCTATTACAATACTTTTAACAGATCGTAATTTAAATACTTCTTTTTTCGATCCAGCTGGAGGAGGAGACCCTATTTTATATCAACATTTATTT	657
GBMIN59788-17	KR020559	8399403	NA	NA	Mined from GenBank, NCBI	NA	BOLD:ADK6538	20	Arthropoda	82	Insecta	127	Diptera	183623	Psychodidae	374780	Phlebotominae	211753	Phlebotomus	789211	Phlebotomus orientalis	NA	NA	NA	NA	NA	NA	NA	NA	NA	NA	NA	NA	NA	NA	NA	NA	NA	NA	NA	NA	NA	NA	NA	NA	NA	NA	NA	NA	NA	NA	NA	NA	Ethiopia	NA	NA	NA	NA	NA	NA	NA	NA	NA	NA	NA	NA	NA	9702143	COI-5P	KR020559	AACCCTTTATTTTATTTTTGGGGCTTGAGCAGGTATAGTTGGAACTTCTTTAAGAATTTTAATTCGAGCAGAGTTAGGGCACCCTGGAGCATTAATTGGAGATGACCAAATTTATAATGTAATTGTAACAGCCCATGCCTTTGTTATAATTTTTTTTATAGTTATACCTATTATAATTGGAGGATTTGGAAATTGACTTGTTCCTTTAATATTAGGAGCCCCTGATATAGCATTCCCACGAATAAATAATATAAGATTTTGATTACTTCCACCCTCATTAACCCTTCTTTTAACTAGAAGAATAGTTGAAACTGGAGCAGGAACAGGATGAACTGTTTATCCTCCTCTCTCTAGCAATATTGCACATAGTGGAGCCTCAGTTGACCTTGCTATTTTTTCATTACATTTAGCAGGAATTTCTTCAATTCTTGGTGCTGTAAATTTTATTACAACAGTAATCAATATACGAGCAACAGGAATTACTCTTGATCGAATACCTCTATTTGCCTGATCCGTTGTTATTACAGCCATTTTATTACTTTTATCTTTACCTGTATTAGCAGGAGCAATTACAATACTTTTAACAGACCGTAATTTAAACACTTCCTTTTTTGACCCAGCAGGAGGGGGTGATCCTATTCTTTATCAACACTTATTT	NA	NA	NA	NA	NA	NA	NA	NA	658	AACCCTTTATTTTATTTTTGGGGCTTGAGCAGGTATAGTTGGAACTTCTTTAAGAATTTTAATTCGAGCAGAGTTAGGGCACCCTGGAGCATTAATTGGAGATGACCAAATTTATAATGTAATTGTAACAGCCCATGCCTTTGTTATAATTTTTTTTATAGTTATACCTATTATAATTGGAGGATTTGGAAATTGACTTGTTCCTTTAATATTAGGAGCCCCTGATATAGCATTCCCACGAATAAATAATATAAGATTTTGATTACTTCCACCCTCATTAACCCTTCTTTTAACTAGAAGAATAGTTGAAACTGGAGCAGGAACAGGATGAACTGTTTATCCTCCTCTCTCTAGCAATATTGCACATAGTGGAGCCTCAGTTGACCTTGCTATTTTTTCATTACATTTAGCAGGAATTTCTTCAATTCTTGGTGCTGTAAATTTTATTACAACAGTAATCAATATACGAGCAACAGGAATTACTCTTGATCGAATACCTCTATTTGCCTGATCCGTTGTTATTACAGCCATTTTATTACTTTTATCTTTACCTGTATTAGCAGGAGCAATTACAATACTTTTAACAGACCGTAATTTAAACACTTCCTTTTTTGACCCAGCAGGAGGGGGTGATCCTATTCTTTATCAACACTTATTT	658
GBMIN59837-17	KY564183	8399452	NA	NA	Mined from GenBank, NCBI	NA	BOLD:ADS5369	20	Arthropoda	82	Insecta	127	Diptera	183623	Psychodidae	374780	Phlebotominae	211753	Phlebotomus	789218	Phlebotomus transcaucasicus	NA	NA	NA	NA	NA	NA	NA	NA	NA	NA	NA	NA	NA	NA	NA	NA	NA	NA	NA	NA	NA	NA	NA	NA	39.19	48.22	NA	NA	NA	NA	NA	NA	Azerbaijan	NA	NA	NA	NA	NA	NA	NA	NA	NA	NA	NA	NA	NA	9708888	COI-5P	KY564183	ACTCTTTATTTTATTTTTGGAGCTTGAGCCGGAATAGTAGGAACTTCATTAAGAATCTTAATTCGTGCAGAACTTGGTCACCCCGGAGCATTAATTGGAGATGATCAAATTTATAATGTAATTGTAACAGCACATGCATTTGTTATAATTTTCTTTATAGTTATACCTATTATAATTGGTGGATTTGGAAATTGACTAGTCCCTTTAATACTAGGAGCACCTGATATAGCATTTCCACGAATAAATAATATAAGATTTTGATTACTACCTCCTTCACTAACTCTACTTTTAACTAGAAGAATAGTTGAAACTGGAGCAGGAACAGGATGAACTGTTTATCCTCCTCTTTCTAGTAATATTGCCCATAGAGGAGCTTCAGTTGATCTTGCTATTTTTTCATTACATTTAGCAGGAATTTCATCAATTTTAGGAGCTGTAAATTTTATTACAACTGTTATTAATATACGTGCTACAGGAATTACCCTTGATCGAATACCCCTCTTTGCTTGATCAGTTGTAATTACAGCAGTTTTATTACTTTTATCATTACCAGTTCTAGCAGGAGCTATTACAATACTTTTAACAGATCGTAATCTAAATACTTCCTTCTTTGACCCAGCAGGAGGGGGAGACCCTATTCTTTATCAACATCTATTT	NA	NA	NA	NA	NA	NA	NA	NA	657	ACTCTTTATTTTATTTTTGGAGCTTGAGCCGGAATAGTAGGAACTTCATTAAGAATCTTAATTCGTGCAGAACTTGGTCACCCCGGAGCATTAATTGGAGATGATCAAATTTATAATGTAATTGTAACAGCACATGCATTTGTTATAATTTTCTTTATAGTTATACCTATTATAATTGGTGGATTTGGAAATTGACTAGTCCCTTTAATACTAGGAGCACCTGATATAGCATTTCCACGAATAAATAATATAAGATTTTGATTACTACCTCCTTCACTAACTCTACTTTTAACTAGAAGAATAGTTGAAACTGGAGCAGGAACAGGATGAACTGTTTATCCTCCTCTTTCTAGTAATATTGCCCATAGAGGAGCTTCAGTTGATCTTGCTATTTTTTCATTACATTTAGCAGGAATTTCATCAATTTTAGGAGCTGTAAATTTTATTACAACTGTTATTAATATACGTGCTACAGGAATTACCCTTGATCGAATACCCCTCTTTGCTTGATCAGTTGTAATTACAGCAGTTTTATTACTTTTATCATTACCAGTTCTAGCAGGAGCTATTACAATACTTTTAACAGATCGTAATCTAAATACTTCCTTCTTTGACCCAGCAGGAGGGGGAGACCCTATTCTTTATCAACATCTATTT	657
GBDP23726-19	KU519506	9896591	NA	NA	Mined from GenBank, NCBI	NA	BOLD:ADK6029	20	Arthropoda	82	Insecta	127	Diptera	183623	Psychodidae	374780	Phlebotominae	211753	Phlebotomus	374785	Phlebotomus perfiliewi	NA	NA	NA	NA	Parrot, 1930	NA	NA	NA	NA	NA	NA	NA	NA	NA	NA	NA	NA	NA	NA	NA	NA	NA	NA	NA	NA	NA	NA	NA	NA	NA	NA	NA	Greece	NA	NA	NA	NA	NA	NA	NA	NA	NA	NA	NA	NA	NA	10872375	COI-5P	KU519506	ACTCTTTATTTTATTTTTGGAGCTTGAGCCGGAATAGTAGGAACTTCATTAAGAATCTTAATTCGTGCAGAACTTGGTCACCCCGGAGCATTAATTGGAGATGATCAAATTTATAATGTAATTGTAACAGCACATGCATTTGTTATAATTTTCTTTATAGTTATACCTATTATAATTGGTGGATTTGGAAATTGACTAGTCCCTTTAATACTAGGAGCACCTGATATAGCATTTCCACGAATAAATAATATAAGATTTTGATTACTACCTCCTTCACTAACTCTACTTTTAACTAGAAGAATAGTTGAAACTGGAGCAGGAACGGGATGAACTGTTTATCCCCCCCTTTCTAGTAATATTGCCCATAGAGGAGCTTCAGTTGATCTTGCTATTTTTTCATTACATTTAGCAGGAATCTCATCAATTTTAGGAGCTGTAAATTTTATTACAACTGTTATTAATATACGAGCTACAGGGATCACCCTTGATCGAATACCCCTCTTTGCTTGATCAGTTGTAATTACAGCAGTTTTATTACTTTTATCATTACCAGTTCTAGCAGGAGCTATTACAATACTTTTAACAGATCGTAATCTAAATACTTCCTTCTTTGACCCAGCAGGAGGAGGAGATCCTATTCTTTATCAACATCTAT	NA	NA	NA	NA	NA	NA	NA	NA	655	ACTCTTTATTTTATTTTTGGAGCTTGAGCCGGAATAGTAGGAACTTCATTAAGAATCTTAATTCGTGCAGAACTTGGTCACCCCGGAGCATTAATTGGAGATGATCAAATTTATAATGTAATTGTAACAGCACATGCATTTGTTATAATTTTCTTTATAGTTATACCTATTATAATTGGTGGATTTGGAAATTGACTAGTCCCTTTAATACTAGGAGCACCTGATATAGCATTTCCACGAATAAATAATATAAGATTTTGATTACTACCTCCTTCACTAACTCTACTTTTAACTAGAAGAATAGTTGAAACTGGAGCAGGAACGGGATGAACTGTTTATCCCCCCCTTTCTAGTAATATTGCCCATAGAGGAGCTTCAGTTGATCTTGCTATTTTTTCATTACATTTAGCAGGAATCTCATCAATTTTAGGAGCTGTAAATTTTATTACAACTGTTATTAATATACGAGCTACAGGGATCACCCTTGATCGAATACCCCTCTTTGCTTGATCAGTTGTAATTACAGCAGTTTTATTACTTTTATCATTACCAGTTCTAGCAGGAGCTATTACAATACTTTTAACAGATCGTAATCTAAATACTTCCTTCTTTGACCCAGCAGGAGGAGGAGATCCTATTCTTTATCAACATCTAT	655
GBDP23978-19	KR020554	9896843	LES.M.1-2	NA	Mined from GenBank, NCBI	NA	BOLD:ADK5343	20	Arthropoda	82	Insecta	127	Diptera	183623	Psychodidae	374780	Phlebotominae	211753	Phlebotomus	789209	Phlebotomus cf. lesleyae	NA	NA	NA	NA	NA	NA	NA	NA	NA	NA	NA	NA	NA	NA	NA	NA	NA	NA	NA	NA	NA	NA	NA	NA	NA	NA	NA	NA	NA	NA	NA	NA	Ethiopia	NA	NA	NA	NA	NA	NA	NA	NA	NA	NA	NA	NA	NA	10872173	COI-5P	KR020554	AACATTATATTTTATTTTTGGTGCTTGATCAGGAATAATCGGAACATCCTTAAGAATTTTAATTCGAGCAGAACTAGGACACCCTGGAGCATTAATTGGTGATGATCAAATTTATAATGTTATTGTAACTGCTCATGCTTTTATTATAATTTTTTTCATAGTTATACCAATTATAATTGGAGGATTTGGAAATTGACTCGTCCCATTAATACTAGGAGCACCCGATATAGCTTTCCCCCGAATAAATAATATAAGATTTTGACTACTTCCTCCTTCATTAACCCTTTTATTAACAAGAAGAATAGTTGAAACTGGAGCAGGAACAGGATGAACTGTTTATCCCCCTTTATCTAGAAATATTGCTCATGGAGGAGCTTCAGTTGATTTAGCAATTTTTTCTCTTCACTTAGCAGGAATTTCCTCTATTTTAGGAGCTGTAAATTTTATTACCACAGTTATTAACATACGATCAACAGGTATTACACTTGACCGAATACCTTTATTTGCCTGATCTGTTGTAATTACAGCTGTCCTTTTACTTCTTTCTCTCCCTGTTCTAGCAGGAGCAATTACTATACTTCTAACAGATCGAAACTTAAATACTTCGTTTTTTGATCCAGCTGGAGGTGGAGATCCAATTTTATATCAACATTTATTT	NA	NA	NA	NA	NA	NA	NA	NA	658	AACATTATATTTTATTTTTGGTGCTTGATCAGGAATAATCGGAACATCCTTAAGAATTTTAATTCGAGCAGAACTAGGACACCCTGGAGCATTAATTGGTGATGATCAAATTTATAATGTTATTGTAACTGCTCATGCTTTTATTATAATTTTTTTCATAGTTATACCAATTATAATTGGAGGATTTGGAAATTGACTCGTCCCATTAATACTAGGAGCACCCGATATAGCTTTCCCCCGAATAAATAATATAAGATTTTGACTACTTCCTCCTTCATTAACCCTTTTATTAACAAGAAGAATAGTTGAAACTGGAGCAGGAACAGGATGAACTGTTTATCCCCCTTTATCTAGAAATATTGCTCATGGAGGAGCTTCAGTTGATTTAGCAATTTTTTCTCTTCACTTAGCAGGAATTTCCTCTATTTTAGGAGCTGTAAATTTTATTACCACAGTTATTAACATACGATCAACAGGTATTACACTTGACCGAATACCTTTATTTGCCTGATCTGTTGTAATTACAGCTGTCCTTTTACTTCTTTCTCTCCCTGTTCTAGCAGGAGCAATTACTATACTTCTAACAGATCGAAACTTAAATACTTCGTTTTTTGATCCAGCTGGAGGTGGAGATCCAATTTTATATCAACATTTATTT	658
GBDP23984-19	KR020556	9896849	ORI.F.2	NA	Mined from GenBank, NCBI	NA	BOLD:ADK6538	20	Arthropoda	82	Insecta	127	Diptera	183623	Psychodidae	374780	Phlebotominae	211753	Phlebotomus	789211	Phlebotomus orientalis	NA	NA	NA	NA	NA	NA	NA	NA	NA	NA	NA	NA	NA	NA	NA	NA	NA	NA	NA	NA	NA	NA	NA	NA	NA	NA	NA	NA	NA	NA	NA	NA	Ethiopia	NA	NA	NA	NA	NA	NA	NA	NA	NA	NA	NA	NA	NA	10872175	COI-5P	KR020556	AACCCTTTATTTTATTTTTGGGGCTTGAGCAGGTATAGTTGGAACTTCTTTAAGAATTTTAATTCGAGCAGAGTTAGGGCACCCTGGAGCATTAATTGGAGATGACCAAATTTATAATGTAATTGTAACAGCCCATGCCTTTGTTATAATTTTTTTTATAGTTATACCTATTATAATTGGAGGATTTGGAAATTGACTTGTTCCTTTAATATTAGGAGCCCCTGATATAGCATTCCCACGAATAAATAATATAAGATTTTGATTACTTCCACCCTCATTAACCCTTCTTTTAACTAGAAGAATAGTTGAAACTGGAGCAGGAACAGGATGAACTGTTTATCCTCCTCTCTCTAGCAATATTGCACATAGTGGAGCCTCAGTTGACCTTGCTATTTTTTCATTACATTTAGCAGGAATTTCTTCAATTCTTGGTGCTGTAAATTTTATTACAACAGTAATCAATATACGAGCAACAGGAATTACTCTTGATCGAATACCTCTATTTGCCTGATCCGTTGTTATTACAGCCATTTTATTACTTTTATCTTTACCTGTATTAGCAGGAGCAATTACAATACTTTTAACAGACCGTAATTTAAACACTTCCTTTTTTGACCCAGCAGGAGGGGGTGATCCTATTCTTTATCAACACTTATTT	NA	NA	NA	NA	NA	NA	NA	NA	658	AACCCTTTATTTTATTTTTGGGGCTTGAGCAGGTATAGTTGGAACTTCTTTAAGAATTTTAATTCGAGCAGAGTTAGGGCACCCTGGAGCATTAATTGGAGATGACCAAATTTATAATGTAATTGTAACAGCCCATGCCTTTGTTATAATTTTTTTTATAGTTATACCTATTATAATTGGAGGATTTGGAAATTGACTTGTTCCTTTAATATTAGGAGCCCCTGATATAGCATTCCCACGAATAAATAATATAAGATTTTGATTACTTCCACCCTCATTAACCCTTCTTTTAACTAGAAGAATAGTTGAAACTGGAGCAGGAACAGGATGAACTGTTTATCCTCCTCTCTCTAGCAATATTGCACATAGTGGAGCCTCAGTTGACCTTGCTATTTTTTCATTACATTTAGCAGGAATTTCTTCAATTCTTGGTGCTGTAAATTTTATTACAACAGTAATCAATATACGAGCAACAGGAATTACTCTTGATCGAATACCTCTATTTGCCTGATCCGTTGTTATTACAGCCATTTTATTACTTTTATCTTTACCTGTATTAGCAGGAGCAATTACAATACTTTTAACAGACCGTAATTTAAACACTTCCTTTTTTGACCCAGCAGGAGGGGGTGATCCTATTCTTTATCAACACTTATTT	658
GBDP25533-19	KY848831	9898398	NA	NA	Mined from GenBank, NCBI	NA	BOLD:ADJ8044	20	Arthropoda	82	Insecta	127	Diptera	183623	Psychodidae	374780	Phlebotominae	211753	Phlebotomus	789210	Phlebotomus mascittii	NA	NA	NA	NA	NA	NA	NA	NA	NA	NA	NA	NA	NA	NA	NA	NA	NA	NA	NA	NA	NA	NA	NA	NA	NA	NA	NA	NA	NA	NA	NA	NA	Serbia	NA	NA	NA	NA	NA	NA	NA	NA	NA	NA	NA	NA	NA	10881939	COI-5P	KY848831	ACTTTATATTTTATTTTTGGAGCTTGAGCTGGAATAGTAGGAACTTCTTTAAGAATTTTAATTCGAGCTGAATTAGGACATCCAGGAGCTTTAATTGGTGATGACCAAATTTATAATGTTATTGTTACAGCACATGCTTTTATTATAATTTTTTTTATAGTTATACCCATTATAATTGGAGGATTTGGTAATTGACTAATCCCTCTAATATTAGGAGCCCCTGATATAGCATTTCCTCGAATAAATAATATAAGTTTTTGACTTTTACCCCCTTCATTAACATTATTATTAACAAGTGGAATAATTGAAACTGGGGCAGGAACTGGATGAACAGTTTATCCCCCTCTTTCTAGAAATATTGCCCATGGAGGAGCTTCAGTTGATTTAGCAATTTTTTCTTTACACTTAGCAGGAATTTCTTCAATTTTAGGAGCTGTAAATTTTATTACAACAGTAATTAATATACGAGCTATAGGAATTACTTTGGACCGAATACCTTTATTTACTTGATCTGTTGTTATTACTGCAGTATTATTATTATTATCCTTACCAGTTTTAGCTGGTGCTATTACTATACTATTAACAGATCGTAATTTAAATACCTCTTTTTTTGATCCTGCAGGAGGAGGAGATCCCATCTTATACCAACATCTAT	NA	NA	NA	NA	NA	NA	NA	NA	655	ACTTTATATTTTATTTTTGGAGCTTGAGCTGGAATAGTAGGAACTTCTTTAAGAATTTTAATTCGAGCTGAATTAGGACATCCAGGAGCTTTAATTGGTGATGACCAAATTTATAATGTTATTGTTACAGCACATGCTTTTATTATAATTTTTTTTATAGTTATACCCATTATAATTGGAGGATTTGGTAATTGACTAATCCCTCTAATATTAGGAGCCCCTGATATAGCATTTCCTCGAATAAATAATATAAGTTTTTGACTTTTACCCCCTTCATTAACATTATTATTAACAAGTGGAATAATTGAAACTGGGGCAGGAACTGGATGAACAGTTTATCCCCCTCTTTCTAGAAATATTGCCCATGGAGGAGCTTCAGTTGATTTAGCAATTTTTTCTTTACACTTAGCAGGAATTTCTTCAATTTTAGGAGCTGTAAATTTTATTACAACAGTAATTAATATACGAGCTATAGGAATTACTTTGGACCGAATACCTTTATTTACTTGATCTGTTGTTATTACTGCAGTATTATTATTATTATCCTTACCAGTTTTAGCTGGTGCTATTACTATACTATTAACAGATCGTAATTTAAATACCTCTTTTTTTGATCCTGCAGGAGGAGGAGATCCCATCTTATACCAACATCTAT	655
GBMIN59770-17	KR020550	8399385	NA	NA	Mined from GenBank, NCBI	NA	BOLD:ADK5343	20	Arthropoda	82	Insecta	127	Diptera	183623	Psychodidae	374780	Phlebotominae	211753	Phlebotomus	789209	Phlebotomus cf. lesleyae	NA	NA	NA	NA	NA	NA	NA	NA	NA	NA	NA	NA	NA	NA	NA	NA	NA	NA	NA	NA	NA	NA	NA	NA	NA	NA	NA	NA	NA	NA	NA	NA	Ethiopia	NA	NA	NA	NA	NA	NA	NA	NA	NA	NA	NA	NA	NA	9702137	COI-5P	KR020550	AACMTTATATTTTATTTTTGGWGCYTGAKCAGGRATARTMGGWACATCCTTAAGAATTTTAATTCGAGCAGAACTAGGACACCCTGGAGCATTAATTGGTGATGATCAAATTTATAATGTTATTGTAACTGCTCATGCTTTTATTATAATTTTTTTCATAGTTATACCAATTATAATTGGAGGATTTGGAAATTGACTCGTCCCATTAATACTAGGAGCACCCGATATAGCTTTTCCCCGAATAAATAATATGAGATTTTGACTACTTCCTCCTTCATTAACCCTTTTATTAACAAGAAGAATAGTTGAAACTGGAGCAGGAACAGGATGAACTGTTTATCCCCCTTTATCTAGAAATATCGCTCATGGAGGAGCTTCAGTTGATTTAGCAATTTTTTCTCTTCACTTAGCAGGAATTTCCTCTATTTTAGGAGCTGTAAATTTTATTACCACAGTTATTAACATACGATCAACAGGTATTACACTTGATCGAATACCTTTATTTGCCTGATCTGTTGTAATTACAGCTGTCCTTTTACTTCTTTCTCTCCCTGTTCTAGCAGGAGCAATTACTATACTTCTAACAGATCGAAACTTAAATACTTCATTTTTTGATCCAGCTGGAGGTGGAGATCCAATTTTATATCAACATTTATTT	NA	NA	NA	NA	NA	NA	NA	NA	658	AACMTTATATTTTATTTTTGGWGCYTGAKCAGGRATARTMGGWACATCCTTAAGAATTTTAATTCGAGCAGAACTAGGACACCCTGGAGCATTAATTGGTGATGATCAAATTTATAATGTTATTGTAACTGCTCATGCTTTTATTATAATTTTTTTCATAGTTATACCAATTATAATTGGAGGATTTGGAAATTGACTCGTCCCATTAATACTAGGAGCACCCGATATAGCTTTTCCCCGAATAAATAATATGAGATTTTGACTACTTCCTCCTTCATTAACCCTTTTATTAACAAGAAGAATAGTTGAAACTGGAGCAGGAACAGGATGAACTGTTTATCCCCCTTTATCTAGAAATATCGCTCATGGAGGAGCTTCAGTTGATTTAGCAATTTTTTCTCTTCACTTAGCAGGAATTTCCTCTATTTTAGGAGCTGTAAATTTTATTACCACAGTTATTAACATACGATCAACAGGTATTACACTTGATCGAATACCTTTATTTGCCTGATCTGTTGTAATTACAGCTGTCCTTTTACTTCTTTCTCTCCCTGTTCTAGCAGGAGCAATTACTATACTTCTAACAGATCGAAACTTAAATACTTCATTTTTTGATCCAGCTGGAGGTGGAGATCCAATTTTATATCAACATTTATTT	658
GBMIN59792-17	KR020560	8399407	NA	NA	Mined from GenBank, NCBI	NA	BOLD:AAY5170	20	Arthropoda	82	Insecta	127	Diptera	183623	Psychodidae	374780	Phlebotominae	211753	Phlebotomus	320635	Phlebotomus papatasi	NA	NA	NA	NA	Scopoli, 1786	NA	NA	NA	NA	NA	NA	NA	NA	NA	NA	NA	NA	NA	NA	NA	NA	NA	NA	NA	NA	NA	NA	NA	NA	NA	NA	NA	Ethiopia	NA	NA	NA	NA	NA	NA	NA	NA	NA	NA	NA	NA	NA	9702144	COI-5P	KR020560	AACTTTATATTTTATTTTTGGAGCATGAGCAGGGATAGTTGGAACCTCTTTAAGAATTCTAATTCGAGCAGAATTAGGTCATCCTGGAGCTTTAATTGGAGATGACCAAATTTATAATGTTATTGTAACAGCTCATGCATTTGTAATAATTTTTTTTATAGTTATACCTATTATAATTGGAGGCTTTGGAAATTGACTTGTTCCTCTTATATTAGGAGCTCCAGATATAGCTTTTCCTCGAATAAATAATATAAGTTTTTGATTATTACCCCCGTCATTAACTTTATTATTAACTAGAAGAATAGTTGAAACTGGAGCAGGAACAGGATGAACAGTATACCCCCCTCTTTCTAGAAATATTGCTCATGGAGGAGCTTCTGTAGATCTAGCAATTTTTTCTCTTCATCTAGCAGGAATTTCCTCAATCTTAGGAGCTGTTAATTTTATTACTACTATTATTAATATACGAGCTACAGGAATTACTCTGGATCGAATACCTCTATTTGCTTGATCTGTTGTAATTACAGCAGTTCTCCTTCTTCTTTCTTTACCAGTTCTTGCTGGAGCTATTACTATACTTCTTACTGATCGAAATCTTAATACTTCATTTTTTGACCCCGCAGGAGGAGGAGACCCAATTTTATATCAACATTTATTT	NA	NA	NA	NA	NA	NA	NA	NA	658	AACTTTATATTTTATTTTTGGAGCATGAGCAGGGATAGTTGGAACCTCTTTAAGAATTCTAATTCGAGCAGAATTAGGTCATCCTGGAGCTTTAATTGGAGATGACCAAATTTATAATGTTATTGTAACAGCTCATGCATTTGTAATAATTTTTTTTATAGTTATACCTATTATAATTGGAGGCTTTGGAAATTGACTTGTTCCTCTTATATTAGGAGCTCCAGATATAGCTTTTCCTCGAATAAATAATATAAGTTTTTGATTATTACCCCCGTCATTAACTTTATTATTAACTAGAAGAATAGTTGAAACTGGAGCAGGAACAGGATGAACAGTATACCCCCCTCTTTCTAGAAATATTGCTCATGGAGGAGCTTCTGTAGATCTAGCAATTTTTTCTCTTCATCTAGCAGGAATTTCCTCAATCTTAGGAGCTGTTAATTTTATTACTACTATTATTAATATACGAGCTACAGGAATTACTCTGGATCGAATACCTCTATTTGCTTGATCTGTTGTAATTACAGCAGTTCTCCTTCTTCTTTCTTTACCAGTTCTTGCTGGAGCTATTACTATACTTCTTACTGATCGAAATCTTAATACTTCATTTTTTGACCCCGCAGGAGGAGGAGACCCAATTTTATATCAACATTTATTT	658
GBMIN59803-17	KU519504	8399418	NA	NA	Mined from GenBank, NCBI	NA	BOLD:ADK6029	20	Arthropoda	82	Insecta	127	Diptera	183623	Psychodidae	374780	Phlebotominae	211753	Phlebotomus	374785	Phlebotomus perfiliewi	NA	NA	NA	NA	Parrot, 1930	NA	NA	NA	NA	NA	NA	NA	NA	NA	NA	NA	NA	NA	NA	NA	NA	NA	NA	NA	NA	NA	NA	NA	NA	NA	NA	NA	Greece	NA	Thessaloniki	NA	NA	NA	NA	NA	NA	NA	NA	NA	NA	NA	9705402	COI-5P	KU519504	ACTCTTTATTTTATTTTTGGAGCTTGAGCCGGAATAGTAGGAACTTCATTAAGAATCTTAATTCGTGCAGAACTTGGTCACCCCGGAGCATTAATTGGAGATGATCAAATTTATAATGTAATTGTAACAGCACATGCATTTGTTATAATTTTCTTTATAGTTATACCTATTATAATTGGTGGATTTGGAAATTGACTAGTCCCTTTAATACTAGGAGCACCTGATATAGCATTTCCACGAATAAATAATATAAGATTTTGATTACTACCTCCTTCACTAACTCTACTTTTAACTAGAAGAATAGTTGAAACTGGAGCAGGAACGGGATGAACTGTTTATCCCCCCCTTTCTAGTAATATTGCCCATAGAGGAGCTTCAGTTGATCTTGCTATTTTTTCATTACATTTAGCAGGAATCTCATCAATTTTAGGAGCTGTAAATTTTATTACAACTGTTATTAATATACGAGCTACAGGGATCACCCTTGATCGAATACCCCTCTTTGCTTGATCAGTTGTAATTACAGCAGTTTTATTACTTTTATCATTACCAGTTCTAGCAGGAGCTATTACAATACTTTTAACAGATCGTAATCTAAATACTTCCTTCTTTGACCCAGCAGGAGGGGGAGATCCTATTCTTTATCAACATCTAT	NA	NA	NA	NA	NA	NA	NA	NA	655	ACTCTTTATTTTATTTTTGGAGCTTGAGCCGGAATAGTAGGAACTTCATTAAGAATCTTAATTCGTGCAGAACTTGGTCACCCCGGAGCATTAATTGGAGATGATCAAATTTATAATGTAATTGTAACAGCACATGCATTTGTTATAATTTTCTTTATAGTTATACCTATTATAATTGGTGGATTTGGAAATTGACTAGTCCCTTTAATACTAGGAGCACCTGATATAGCATTTCCACGAATAAATAATATAAGATTTTGATTACTACCTCCTTCACTAACTCTACTTTTAACTAGAAGAATAGTTGAAACTGGAGCAGGAACGGGATGAACTGTTTATCCCCCCCTTTCTAGTAATATTGCCCATAGAGGAGCTTCAGTTGATCTTGCTATTTTTTCATTACATTTAGCAGGAATCTCATCAATTTTAGGAGCTGTAAATTTTATTACAACTGTTATTAATATACGAGCTACAGGGATCACCCTTGATCGAATACCCCTCTTTGCTTGATCAGTTGTAATTACAGCAGTTTTATTACTTTTATCATTACCAGTTCTAGCAGGAGCTATTACAATACTTTTAACAGATCGTAATCTAAATACTTCCTTCTTTGACCCAGCAGGAGGGGGAGATCCTATTCTTTATCAACATCTAT	655
GBMIN59819-17	KR020574	8399434	NA	NA	Mined from GenBank, NCBI	NA	BOLD:AAY5167	20	Arthropoda	82	Insecta	127	Diptera	183623	Psychodidae	374780	Phlebotominae	211753	Phlebotomus	789216	Phlebotomus sp. UNK.M.1-1	NA	NA	NA	NA	NA	NA	NA	NA	NA	NA	NA	NA	NA	NA	NA	NA	NA	NA	NA	NA	NA	NA	NA	NA	NA	NA	NA	NA	NA	NA	NA	NA	Ethiopia	NA	NA	NA	NA	NA	NA	NA	NA	NA	NA	NA	NA	NA	9702154	COI-5P	KR020574	AACCTTATATTTTATTTTTGGAGCCTGAGCGGGGATAGTAGGTACATCCTTAAGAATCTTAATTCGAGCAGAACTCGGCCATCCTGGAGCTTTAATTGGCGATGATCAAATTTATAATGTAATTGTAACAGCTCATGCATTTGTAATAATTTTTTTTATAGTTATGCCTATTATAATTGGGGGATTTGGTAACTGACTTGTCCCTCTAATATTAGGTGCCCCTGACATAGCTTTTCCTCGAATAAATAATATAAGTTTTTGACTATTACCCCCTTCATTAACTCTATTATTAACAAGAAGAATAGTTGAAACTGGGGCAGGGACAGGATGAACTGTTTATCCCCCTCTTTCAAGAAATATTGCCCATGGAGGAGCCTCTGTTGATTTAGCAATTTTCTCTTTACATTTAGCTGGTATTTCATCAATTTTAGGAGCAGTAAATTTTATTACAACTATTATTAATATACGAGCCACAGGGATTACTCTAGATCGAATGCCATTATTTGCTTGATCTGTAGTAATTACAGCTGTTCTCCTTCTTCTCTCTCTTCCCGTTCTTGCAGGGGCTATTACTATACTTCTAACTGATCGAAATCTCAATACTTCATTCTTTGATCCTGCAGGAGGAGGAGATCCAATTTTATATCAACATTTATTT	NA	NA	NA	NA	NA	NA	NA	NA	658	AACCTTATATTTTATTTTTGGAGCCTGAGCGGGGATAGTAGGTACATCCTTAAGAATCTTAATTCGAGCAGAACTCGGCCATCCTGGAGCTTTAATTGGCGATGATCAAATTTATAATGTAATTGTAACAGCTCATGCATTTGTAATAATTTTTTTTATAGTTATGCCTATTATAATTGGGGGATTTGGTAACTGACTTGTCCCTCTAATATTAGGTGCCCCTGACATAGCTTTTCCTCGAATAAATAATATAAGTTTTTGACTATTACCCCCTTCATTAACTCTATTATTAACAAGAAGAATAGTTGAAACTGGGGCAGGGACAGGATGAACTGTTTATCCCCCTCTTTCAAGAAATATTGCCCATGGAGGAGCCTCTGTTGATTTAGCAATTTTCTCTTTACATTTAGCTGGTATTTCATCAATTTTAGGAGCAGTAAATTTTATTACAACTATTATTAATATACGAGCCACAGGGATTACTCTAGATCGAATGCCATTATTTGCTTGATCTGTAGTAATTACAGCTGTTCTCCTTCTTCTCTCTCTTCCCGTTCTTGCAGGGGCTATTACTATACTTCTAACTGATCGAAATCTCAATACTTCATTCTTTGATCCTGCAGGAGGAGGAGATCCAATTTTATATCAACATTTATTT	658
GBMNA39543-19	MH780862	10767017	NA	MH780862	Mined from GenBank, NCBI	NA	NA	20	Arthropoda	82	Insecta	127	Diptera	183623	Psychodidae	374780	Phlebotominae	211753	Phlebotomus	320635	Phlebotomus papatasi	NA	NA	NA	NA	Scopoli, 1786	NA	NA	NA	NA	NA	NA	NA	NA	NA	NA	NA	NA	NA	NA	NA	NA	NA	NA	NA	NA	NA	NA	NA	NA	NA	NA	NA	Turkey	NA	NA	NA	NA	NA	NA	NA	NA	NA	NA	NA	NA	NA	12292594	COI-5P	MH780862	AACCTTATATTTTATTTTTGGAGCTTGAGCAGGGATAGTAGGTACATCCTTAAGAATCTTAATTCGAGCAGAACTCGGCCATCCTGGAGCTTTAATTGGCGATGATCAAATTTATAATGTAATTGTAACAGCTCATGCATTTGTAATAATTTTTTTTATAGTTATGCCTATTATAATTGGGGGATTTGGTAACTGACTTGTCCCTCTAATATTAGGTGCCCCTGACATAGCTTTTCCTCGAATAAATAATATAAGTTTTTGACTATTACCCCCTTCATTAACTCTATTATTAACAAGAAGAATAGTTGAAACTGGGGCAGGGACAGGGTGAACTGTTTATCCCCCTCTTTCAAGAAATATTGCTCATGGGGGAGCCTCTGTTGATTTAGCAATTTTCTCTTTACATTTAGCTGGTATTTCATCAATTTTAGGAGCAGTAAATTTTATTACAACTATTATTAATATACGAGCCACAGGAATTACTCTAGATCGAATGCCATTATTTGCTTGATCTGTAGTAATTACAGCTGTTCTCCTTCTTCTCTCTCTTCCCGTTCTTGCAGGGGCTATTACTATACTTCTAACTGATCGAAATCTCAATACTTCATTCTTTGATCCTGCAGGAGGAGGAGATCCAATTTTATATCAACATTTATTT	NA	NA	NA	NA	NA	NA	NA	NA	658	AACCTTATATTTTATTTTTGGAGCTTGAGCAGGGATAGTAGGTACATCCTTAAGAATCTTAATTCGAGCAGAACTCGGCCATCCTGGAGCTTTAATTGGCGATGATCAAATTTATAATGTAATTGTAACAGCTCATGCATTTGTAATAATTTTTTTTATAGTTATGCCTATTATAATTGGGGGATTTGGTAACTGACTTGTCCCTCTAATATTAGGTGCCCCTGACATAGCTTTTCCTCGAATAAATAATATAAGTTTTTGACTATTACCCCCTTCATTAACTCTATTATTAACAAGAAGAATAGTTGAAACTGGGGCAGGGACAGGGTGAACTGTTTATCCCCCTCTTTCAAGAAATATTGCTCATGGGGGAGCCTCTGTTGATTTAGCAATTTTCTCTTTACATTTAGCTGGTATTTCATCAATTTTAGGAGCAGTAAATTTTATTACAACTATTATTAATATACGAGCCACAGGAATTACTCTAGATCGAATGCCATTATTTGCTTGATCTGTAGTAATTACAGCTGTTCTCCTTCTTCTCTCTCTTCCCGTTCTTGCAGGGGCTATTACTATACTTCTAACTGATCGAAATCTCAATACTTCATTCTTTGATCCTGCAGGAGGAGGAGATCCAATTTTATATCAACATTTATTT	658
GBDP25469-19	KY646194	9898334	NA	NA	Mined from GenBank, NCBI	NA	BOLD:ACQ1834	20	Arthropoda	82	Insecta	127	Diptera	183623	Psychodidae	374780	Phlebotominae	211753	Phlebotomus	374785	Phlebotomus perfiliewi	NA	NA	NA	NA	Parrot, 1930	NA	NA	NA	NA	NA	NA	NA	NA	NA	NA	NA	NA	NA	NA	NA	NA	NA	NA	NA	NA	NA	NA	NA	NA	NA	NA	NA	Italy	NA	NA	NA	NA	NA	NA	NA	NA	NA	NA	NA	NA	NA	10881875	COI-5P	KY646194	ACTCTTTATTTTATTTTTGGAGCTTGAGCAGGAATAGTCGGAACTTCATTAAGAATTTTAATTCGTGCAGAACTTGGACATCCCGGAGCATTAATTGGAGATGATCAAATTTATAATGTAATTGTAACAGCACATGCATTTGTTATAATTTTCTTTATAGTTATACCTATTATAATTGGTGGATTTGGAAATTGATTAGTTCCTTTAATACTAGGAGCCCCTGATATAGCATTTCCACGAATAAATAATATAAGATTTTGATTATTACCTCCTTCACTAACTCTTCTTTTAACTAGAAGAATAGTTGAAACTGGAGCAGGAACAGGATGAACCGTTTATCCTCCTCTTTCTAGAAATATTGCCCATAGAGGAGCTTCAGTTGATCTTGCAATTTTTTCATTACATTTAGCAGGAATTTCATCAATTTTAGGGGCTGTAAATTTTATTACAACTGTTATTAATATACGAGCTACAGGAATTACCCTTGATCGAATACCCCTCTTTGCTTGATCAGTTGTAATTACAGCAATTTTATTACTTTTATCATTACCAGTTCTAGCAGGAGCTATTACAATACTTTTAACAGACCGTAATTTAAATACTTCCTTCTTTGACCCAGCAGGAGGGGGAGACCCAATTCTTTATCAACATTTATTTT	NA	NA	NA	NA	NA	NA	NA	NA	658	ACTCTTTATTTTATTTTTGGAGCTTGAGCAGGAATAGTCGGAACTTCATTAAGAATTTTAATTCGTGCAGAACTTGGACATCCCGGAGCATTAATTGGAGATGATCAAATTTATAATGTAATTGTAACAGCACATGCATTTGTTATAATTTTCTTTATAGTTATACCTATTATAATTGGTGGATTTGGAAATTGATTAGTTCCTTTAATACTAGGAGCCCCTGATATAGCATTTCCACGAATAAATAATATAAGATTTTGATTATTACCTCCTTCACTAACTCTTCTTTTAACTAGAAGAATAGTTGAAACTGGAGCAGGAACAGGATGAACCGTTTATCCTCCTCTTTCTAGAAATATTGCCCATAGAGGAGCTTCAGTTGATCTTGCAATTTTTTCATTACATTTAGCAGGAATTTCATCAATTTTAGGGGCTGTAAATTTTATTACAACTGTTATTAATATACGAGCTACAGGAATTACCCTTGATCGAATACCCCTCTTTGCTTGATCAGTTGTAATTACAGCAATTTTATTACTTTTATCATTACCAGTTCTAGCAGGAGCTATTACAATACTTTTAACAGACCGTAATTTAAATACTTCCTTCTTTGACCCAGCAGGAGGGGGAGACCCAATTCTTTATCAACATTTATTTT	658
GBDP25769-19	LC136898	9898634	NA	NA	Mined from GenBank, NCBI	NA	BOLD:ACZ0673	20	Arthropoda	82	Insecta	127	Diptera	183623	Psychodidae	374780	Phlebotominae	211753	Phlebotomus	642098	Phlebotomus stantoni	NA	NA	NA	NA	NA	NA	NA	NA	NA	NA	NA	NA	NA	NA	NA	NA	NA	NA	NA	NA	NA	NA	NA	NA	18.26	98.39	NA	NA	NA	NA	NA	NA	Thailand	NA	NA	NA	NA	NA	NA	NA	NA	NA	NA	NA	NA	NA	10882176	COI-5P	LC136898	TAATTTTATTTTTGGAGCATGAGCAAGAATAATTGGTACTTCTCTAAGTATTTTAATTCGTGCAGAATTAGGTCACCCAGGTTCATTAATTGGAAATGACCAAATCTATAATGTTATTGTTACTGCTCATGCCTTTATTATAATTTTCTTTATAGTAATACCTATTATAATTGGAGGTTTTGGAAACTGACTAATTCCCCTTATACTTGGAGCTCCTGATATAGCTTTCCCTCGAATAAATAATATAAGATTTTGATTATTACCCCCTTCTTTATCTTTATTATTAACGAGTAGACTAGTAGAAATAGGAGCAGGTACAGGTTGAACCGTTTACCCCCCTCTTTCTAGTAATATTGCTCATGCTGGTTCATCTGTAGATCTAGCAATTTTTTCACTTCACTTAGCAGGAATTTCCTCTATTCTTGGAGCAGTAAATTTTATTACAACTATTATTAATATACGAACTACAGGAATTTCATTTGACCGTATATCTTTATTTACTTGATCAGTTATAATTACTGCAATTCTTCTTCTATTATCTCTCCCTGTTTTAGCAGGAGCAATCACAATACTATTAACTGACCGAAATTTAAATACTTCATTCTTTGATCCAGCTGGTGGAGGAGACCCTATTTTATATCAACACTTAT	NA	NA	NA	NA	NA	NA	NA	NA	650	TAATTTTATTTTTGGAGCATGAGCAAGAATAATTGGTACTTCTCTAAGTATTTTAATTCGTGCAGAATTAGGTCACCCAGGTTCATTAATTGGAAATGACCAAATCTATAATGTTATTGTTACTGCTCATGCCTTTATTATAATTTTCTTTATAGTAATACCTATTATAATTGGAGGTTTTGGAAACTGACTAATTCCCCTTATACTTGGAGCTCCTGATATAGCTTTCCCTCGAATAAATAATATAAGATTTTGATTATTACCCCCTTCTTTATCTTTATTATTAACGAGTAGACTAGTAGAAATAGGAGCAGGTACAGGTTGAACCGTTTACCCCCCTCTTTCTAGTAATATTGCTCATGCTGGTTCATCTGTAGATCTAGCAATTTTTTCACTTCACTTAGCAGGAATTTCCTCTATTCTTGGAGCAGTAAATTTTATTACAACTATTATTAATATACGAACTACAGGAATTTCATTTGACCGTATATCTTTATTTACTTGATCAGTTATAATTACTGCAATTCTTCTTCTATTATCTCTCCCTGTTTTAGCAGGAGCAATCACAATACTATTAACTGACCGAAATTTAAATACTTCATTCTTTGATCCAGCTGGTGGAGGAGACCCTATTTTATATCAACACTTAT	650
GBMIN23186-13	JX105039	3179416	S3	JX105039	Mined from GenBank, NCBI	NA	BOLD:AAY0745	20	Arthropoda	82	Insecta	127	Diptera	183623	Psychodidae	374780	Phlebotominae	211753	Phlebotomus	211755	Phlebotomus sergenti	NA	NA	NA	NA	Parrot, 1917	NA	NA	NA	NA	NA	NA	NA	NA	NA	NA	NA	NA	NA	NA	NA	NA	NA	Phlebotomus sergenti	NA	NA	NA	NA	NA	NA	NA	NA	NA	NA	NA	NA	NA	NA	NA	NA	NA	NA	NA	NA	NA	NA	NA	5107811	COI-5P	JX105039	GATATTGGAACTTTATACTTTATTTTTGGGGCTTGAGCTGGAATAGTTGGAACTTCCTTAAGAATTTTAATTCGAGCTGAACTAGGCCATCCCGGGGCTTTAATTGGTGATGACCAAATTTATAATGTAATTGTTACAGCACATGCTTTTGTAATAATTTTTTTCATAGTAATACCTATCATAATTGGTGGATTCGGTAATTGACTTGTCCCTTTAATATTAGGAGCCCCTGATATAGCCTTTCCCCGAATAAATAATATAAGTTTTTGATTACTCCCTCCTTCTTTAACCCTTTTACTAACCAGTAGAATAGTTGAAACTGGAGCAGGAACTGGATGAACAGTATATCCCCCTCTTTCTAGAAATATCGCCCATGGTGGAGCCTCTGTAGATTTAGCTATTTTTTCTCTTCATTTAGCGGGAATCTCTTCTATTTTAGGAGCTGTTAATTTTATTACTACTATTATTAATATACGAGCAACAGGTATTTCATTAGACCGAATACCACTATTTGCTTGATCTGTGGTAATTACTGCAATTCTTCTATTATTATCCTTACCTGTTTTAGCTGGAGCTATTACAATACTCCTTACTGATCGAAATCTAAATACTTCCTTCTTTGATCCTGCAGGAGGGGGAGATCCTATTTTATA	NA	NA	NA	NA	NA	NA	NA	NA	653	GATATTGGAACTTTATACTTTATTTTTGGGGCTTGAGCTGGAATAGTTGGAACTTCCTTAAGAATTTTAATTCGAGCTGAACTAGGCCATCCCGGGGCTTTAATTGGTGATGACCAAATTTATAATGTAATTGTTACAGCACATGCTTTTGTAATAATTTTTTTCATAGTAATACCTATCATAATTGGTGGATTCGGTAATTGACTTGTCCCTTTAATATTAGGAGCCCCTGATATAGCCTTTCCCCGAATAAATAATATAAGTTTTTGATTACTCCCTCCTTCTTTAACCCTTTTACTAACCAGTAGAATAGTTGAAACTGGAGCAGGAACTGGATGAACAGTATATCCCCCTCTTTCTAGAAATATCGCCCATGGTGGAGCCTCTGTAGATTTAGCTATTTTTTCTCTTCATTTAGCGGGAATCTCTTCTATTTTAGGAGCTGTTAATTTTATTACTACTATTATTAATATACGAGCAACAGGTATTTCATTAGACCGAATACCACTATTTGCTTGATCTGTGGTAATTACTGCAATTCTTCTATTATTATCCTTACCTGTTTTAGCTGGAGCTATTACAATACTCCTTACTGATCGAAATCTAAATACTTCCTTCTTTGATCCTGCAGGAGGGGGAGATCCTATTTTATA	653
GBMIN59797-17	KY564185	8399412	NA	NA	Mined from GenBank, NCBI	NA	BOLD:ADS5369	20	Arthropoda	82	Insecta	127	Diptera	183623	Psychodidae	374780	Phlebotominae	211753	Phlebotomus	374785	Phlebotomus perfiliewi	NA	NA	NA	NA	Parrot, 1930	NA	NA	NA	NA	NA	NA	NA	NA	NA	NA	NA	NA	NA	NA	NA	NA	NA	NA	NA	39.19	48.22	NA	NA	NA	NA	NA	NA	Azerbaijan	NA	NA	NA	NA	NA	NA	NA	NA	NA	NA	NA	NA	NA	9708890	COI-5P	KY564185	ACTCTTTATTTTATTTTTGGAGCTTGAGCCGGAATAGTAGGAACTTCATTAAGAATCTTAATTCGTGCAGAACTTGGTCACCCCGGAGCATTAATTGGAGATGATCAAATTTATAATGTAATTGTAACAGCACATGCATTTGTTATAATTTTCTTTATAGTTATACCTATTATAATTGGTGGATTTGGAAATTGACTAGTCCCTTTAATACTAGGAGCACCTGATATAGCATTTCCACGAATAAATAATATAAGATTTTGATTACTACCTCCTTCACTAACTCTACTTTTAACTAGAAGAATAGTTGAAACTGGAGCAGGAACAGGATGAACTGTTTATCCTCCTCTTTCTAGTAATATTGCCCATAGAGGAGCTTCAGTTGATCTTGCTATTTTTTCATTACATTTAGCAGGAATTTCATCAATTTTAGGAGCTGTAAATTTTATTACAACTGTTATTAATATACGTGCTACAGGAATTACCCTTGATCGAATACCCCTCTTTGCTTGATCAGTTGTAATTACAGCAGTTTTATTACTTTTATCATTACCAGTTCTAGCAGGAGCTATTACAATACTTTTAACAGATCGTAATCTAAATACTTCCTTCTTTGACCCAGCAGGAGGGGGAGACCCTATTCTTTATCAACATCTATTT	NA	NA	NA	NA	NA	NA	NA	NA	657	ACTCTTTATTTTATTTTTGGAGCTTGAGCCGGAATAGTAGGAACTTCATTAAGAATCTTAATTCGTGCAGAACTTGGTCACCCCGGAGCATTAATTGGAGATGATCAAATTTATAATGTAATTGTAACAGCACATGCATTTGTTATAATTTTCTTTATAGTTATACCTATTATAATTGGTGGATTTGGAAATTGACTAGTCCCTTTAATACTAGGAGCACCTGATATAGCATTTCCACGAATAAATAATATAAGATTTTGATTACTACCTCCTTCACTAACTCTACTTTTAACTAGAAGAATAGTTGAAACTGGAGCAGGAACAGGATGAACTGTTTATCCTCCTCTTTCTAGTAATATTGCCCATAGAGGAGCTTCAGTTGATCTTGCTATTTTTTCATTACATTTAGCAGGAATTTCATCAATTTTAGGAGCTGTAAATTTTATTACAACTGTTATTAATATACGTGCTACAGGAATTACCCTTGATCGAATACCCCTCTTTGCTTGATCAGTTGTAATTACAGCAGTTTTATTACTTTTATCATTACCAGTTCTAGCAGGAGCTATTACAATACTTTTAACAGATCGTAATCTAAATACTTCCTTCTTTGACCCAGCAGGAGGGGGAGACCCTATTCTTTATCAACATCTATTT	657
GBMIN59804-17	KU519507	8399419	NA	NA	Mined from GenBank, NCBI	NA	BOLD:ADK6029	20	Arthropoda	82	Insecta	127	Diptera	183623	Psychodidae	374780	Phlebotominae	211753	Phlebotomus	374785	Phlebotomus perfiliewi	NA	NA	NA	NA	Parrot, 1930	NA	NA	NA	NA	NA	NA	NA	NA	NA	NA	NA	NA	NA	NA	NA	NA	NA	NA	NA	NA	NA	NA	NA	NA	NA	NA	NA	Greece	NA	Thessaloniki	NA	NA	NA	NA	NA	NA	NA	NA	NA	NA	NA	9705403	COI-5P	KU519507	ACTCTTTATTTTATTTTTGGAGCTTGAGCCGGAATAGTAGGAACTTCATTAAGAATCTTAATTCGTGCAGAACTTGGTCACCCCGGAGCATTAATTGGAGATGATCAAATTTATAATGTAATTGTAACAGCACATGCATTTGTTATAATTTTCTTTATAGTTATACCTATTATAATTGGTGGATTTGGAAATTGACTAGTCCCTTTAATACTAGGAGCACCTGATATAGCATTTCCACGAATAAATAATATAAGATTTTGATTACTACCTCCTTCACTAACTCTACTTTTAACTAGAAGAATAGTTGAAACTGGAGCAGGAACGGGATGAACTGTTTATCCCCCCCTTTCTAGTAATATTGCCCATAGAGGAGCTTCAGTTGATCTTGCTATTTTTTCATTACATTTAGCAGGAATTTCATCAATTTTAGGAGCTGTAAATTTTATTACAACTGTTATTAATATACGAGCTACAGGGATCACCCTTGATCGAATACCCCTCTTTGCTTGATCAGTTGTAATTACAGCAGTTTTATTACTTTTATCATTACCAGTTCTAGCAGGAGCTATTACAATACTTTTAACAGATCGTAATCTAAATACTTCCTTCTTTGACCCAGCAGGAGGAGGAGATCCTATTCTTTATCAACATCTAT	NA	NA	NA	NA	NA	NA	NA	NA	655	ACTCTTTATTTTATTTTTGGAGCTTGAGCCGGAATAGTAGGAACTTCATTAAGAATCTTAATTCGTGCAGAACTTGGTCACCCCGGAGCATTAATTGGAGATGATCAAATTTATAATGTAATTGTAACAGCACATGCATTTGTTATAATTTTCTTTATAGTTATACCTATTATAATTGGTGGATTTGGAAATTGACTAGTCCCTTTAATACTAGGAGCACCTGATATAGCATTTCCACGAATAAATAATATAAGATTTTGATTACTACCTCCTTCACTAACTCTACTTTTAACTAGAAGAATAGTTGAAACTGGAGCAGGAACGGGATGAACTGTTTATCCCCCCCTTTCTAGTAATATTGCCCATAGAGGAGCTTCAGTTGATCTTGCTATTTTTTCATTACATTTAGCAGGAATTTCATCAATTTTAGGAGCTGTAAATTTTATTACAACTGTTATTAATATACGAGCTACAGGGATCACCCTTGATCGAATACCCCTCTTTGCTTGATCAGTTGTAATTACAGCAGTTTTATTACTTTTATCATTACCAGTTCTAGCAGGAGCTATTACAATACTTTTAACAGATCGTAATCTAAATACTTCCTTCTTTGACCCAGCAGGAGGAGGAGATCCTATTCTTTATCAACATCTAT	655
GBMIN59814-17	KX822734	8399429	NA	NA	Mined from GenBank, NCBI	NA	BOLD:ADU8442	20	Arthropoda	82	Insecta	127	Diptera	183623	Psychodidae	374780	Phlebotominae	211753	Phlebotomus	789212	Phlebotomus simici	NA	NA	NA	NA	NA	NA	NA	NA	NA	NA	NA	NA	NA	NA	NA	NA	NA	NA	NA	NA	NA	NA	NA	NA	NA	NA	NA	NA	NA	NA	NA	NA	NA	NA	NA	NA	NA	NA	NA	NA	NA	NA	NA	NA	NA	NA	9707193	COI-5P	KX822734	AACTTTATATTTTATTTTTGGTGCTTGAGCTGGAATAGTAGGTACTTCCTTGAGAATTTTAATTCGAGCTGAATTAGGCCATCCTGGAGCTTTAATTGGAGATGACCAAATTTATAATGTTATTGTTACTGCCCATGCTTTCGTAATAATTTTCTTTATAGTAATACCAATTATAATTGGGGGATTTGGAAATTGATTAATTCCTTTAATATTAGGTGCCCCAGACATAGCATTTCCACGAATAAATAATATAAGATTTTGATTATTACCCCCATCATTAACTTTATTATTAACTAGAGGAATAGTTGAAACTGGAGCAGGAACAGGATGAACTGTTTATCCCCCTCTTTCAAGAAATATTGCCCATGGAGGAGCTTCTGTAGATTTAGCAATTTTTTCTCTTCATCTTGCTGGAGTATCCTCTATTTTAGGAGCTGTAAATTTTATTACTACAGTTATTAATATACGAGCAACAGGAATTACTCTTGATCGAATACCTCTTTTTACTTGATCTGTTGTAATTACAGCTGTTCTTTTACTTTTATCATTACCTGTATTAGCTGGAGCTATTACAATACTATTAACAGATCGAAATCTAAACACTTCTTTTTTTGATCCTGCTGGAGGTGGAGATCCAATCTTATATCAACATTTATTT	NA	NA	NA	NA	NA	NA	NA	NA	658	AACTTTATATTTTATTTTTGGTGCTTGAGCTGGAATAGTAGGTACTTCCTTGAGAATTTTAATTCGAGCTGAATTAGGCCATCCTGGAGCTTTAATTGGAGATGACCAAATTTATAATGTTATTGTTACTGCCCATGCTTTCGTAATAATTTTCTTTATAGTAATACCAATTATAATTGGGGGATTTGGAAATTGATTAATTCCTTTAATATTAGGTGCCCCAGACATAGCATTTCCACGAATAAATAATATAAGATTTTGATTATTACCCCCATCATTAACTTTATTATTAACTAGAGGAATAGTTGAAACTGGAGCAGGAACAGGATGAACTGTTTATCCCCCTCTTTCAAGAAATATTGCCCATGGAGGAGCTTCTGTAGATTTAGCAATTTTTTCTCTTCATCTTGCTGGAGTATCCTCTATTTTAGGAGCTGTAAATTTTATTACTACAGTTATTAATATACGAGCAACAGGAATTACTCTTGATCGAATACCTCTTTTTACTTGATCTGTTGTAATTACAGCTGTTCTTTTACTTTTATCATTACCTGTATTAGCTGGAGCTATTACAATACTATTAACAGATCGAAATCTAAACACTTCTTTTTTTGATCCTGCTGGAGGTGGAGATCCAATCTTATATCAACATTTATTT	658
GBMIN59822-17	KU519502	8399437	NA	NA	Mined from GenBank, NCBI	NA	BOLD:ABW7121	20	Arthropoda	82	Insecta	127	Diptera	183623	Psychodidae	374780	Phlebotominae	211753	Phlebotomus	320638	Phlebotomus tobbi	NA	NA	NA	NA	Adler, Theodor & Lourie, 1930	NA	NA	NA	NA	NA	NA	NA	NA	NA	NA	NA	NA	NA	NA	NA	NA	NA	NA	NA	NA	NA	NA	NA	NA	NA	NA	NA	Greece	NA	Thessaloniki	NA	NA	NA	NA	NA	NA	NA	NA	NA	NA	NA	9705400	COI-5P	KU519502	ACTCTTTATTTTATCTTCGGAGCTTGAGCAGGAATAGTTGGAACTTCGTTAAGAATTTTAATTCGAGCAGAATTAGGACACCCTGGAGCATTAATTGGAGATGATCAAATTTATAATGTAATTGTAACAGCTCATGCTTTTGTTATAATTTTCTTCATAGTTATACCTATTATAATTGGAGGATTTGGAAATTGACTTGTTCCTTTAATATTAGGTGCCCCTGATATAGCATTTCCACGAATAAATAATATAAGATTTTGATTATTACCTCCTTCATTAACTCTTCTTTTAACTAGAAGAATAGTTGAAACTGGAGCAGGAACAGGATGAACAGTTTATCCCCCTCTTTCAAGTAATATTGCTCATAGAGGAGCATCAGTTGATCTTGCTATTTTTTCCCTTCATTTAGCAGGGATTTCTTCGATTCTAGGAGCTGTAAATTTTATTACAACTGTAATTAATATACGAGCAACAGGAATTACCCTTGATCGAATACCTTTATTTGCCTGATCAGTTGTAATTACAGCCGTTTTATTACTTCTATCTCTACCTGTACTAGCCGGAGCTATTACAATACTCTTAACAGACCGTAATTTAAATACTTCCTTTTTTGATCCTGCAGGAGGAGGAGACCCTATTCTTTATCAACACTTAT	NA	NA	NA	NA	NA	NA	NA	NA	655	ACTCTTTATTTTATCTTCGGAGCTTGAGCAGGAATAGTTGGAACTTCGTTAAGAATTTTAATTCGAGCAGAATTAGGACACCCTGGAGCATTAATTGGAGATGATCAAATTTATAATGTAATTGTAACAGCTCATGCTTTTGTTATAATTTTCTTCATAGTTATACCTATTATAATTGGAGGATTTGGAAATTGACTTGTTCCTTTAATATTAGGTGCCCCTGATATAGCATTTCCACGAATAAATAATATAAGATTTTGATTATTACCTCCTTCATTAACTCTTCTTTTAACTAGAAGAATAGTTGAAACTGGAGCAGGAACAGGATGAACAGTTTATCCCCCTCTTTCAAGTAATATTGCTCATAGAGGAGCATCAGTTGATCTTGCTATTTTTTCCCTTCATTTAGCAGGGATTTCTTCGATTCTAGGAGCTGTAAATTTTATTACAACTGTAATTAATATACGAGCAACAGGAATTACCCTTGATCGAATACCTTTATTTGCCTGATCAGTTGTAATTACAGCCGTTTTATTACTTCTATCTCTACCTGTACTAGCCGGAGCTATTACAATACTCTTAACAGACCGTAATTTAAATACTTCCTTTTTTGATCCTGCAGGAGGAGGAGACCCTATTCTTTATCAACACTTAT	655
GBMIN59836-17	KY564182	8399451	NA	NA	Mined from GenBank, NCBI	NA	BOLD:ADS5369	20	Arthropoda	82	Insecta	127	Diptera	183623	Psychodidae	374780	Phlebotominae	211753	Phlebotomus	789218	Phlebotomus transcaucasicus	NA	NA	NA	NA	NA	NA	NA	NA	NA	NA	NA	NA	NA	NA	NA	NA	NA	NA	NA	NA	NA	NA	NA	NA	39.19	48.22	NA	NA	NA	NA	NA	NA	Azerbaijan	NA	NA	NA	NA	NA	NA	NA	NA	NA	NA	NA	NA	NA	9708887	COI-5P	KY564182	ACTCTTTATTTTATTTTTGGAGCTTGAGCCGGAATAGTAGGAACTTCATTAAGAATCTTAATTCGTGCAGAACTTGGTCACCCCGGAGCATTAATTGGAGATGATCAAATTTATAATGTAATTGTAACAGCACATGCATTTGTTATAATTTTCTTTATAGTTATACCTATTATAATTGGTGGATTTGGAAATTGACTAGTCCCTTTAATACTAGGAGCACCTGATATAGCATTTCCACGAATAAATAATATAAGATTTTGATTACTACCTCCTTCACTAACTCTACTTTTAACTAGAAGAATAGTTGAAACTGGAGCAGGAACAGGATGAACTGTTTATCCTCCTCTTTCTAGTAATATTGCCCATAGAGGAGCTTCAGTTGATCTTGCTATTTTTTCATTACATTTAGCAGGAATTTCATCAATTTTAGGAGCTGTAAATTTTATTACAACTGTTATTAATATACGTGCTACAGGAATTACCCTTGATCGAATACCCCTCTTTGCTTGATCAGTTGTAATTACAGCAGTTTTATTACTTTTATCATTACCAGTTCTAGCAGGAGCTATTACAATACTTTTAACAGATCGTAATCTAAATACTTCCTTCTTTGACCCAGCAGGAGGGGGAGACCCTATTCTTTATCAACATCTATTT	NA	NA	NA	NA	NA	NA	NA	NA	657	ACTCTTTATTTTATTTTTGGAGCTTGAGCCGGAATAGTAGGAACTTCATTAAGAATCTTAATTCGTGCAGAACTTGGTCACCCCGGAGCATTAATTGGAGATGATCAAATTTATAATGTAATTGTAACAGCACATGCATTTGTTATAATTTTCTTTATAGTTATACCTATTATAATTGGTGGATTTGGAAATTGACTAGTCCCTTTAATACTAGGAGCACCTGATATAGCATTTCCACGAATAAATAATATAAGATTTTGATTACTACCTCCTTCACTAACTCTACTTTTAACTAGAAGAATAGTTGAAACTGGAGCAGGAACAGGATGAACTGTTTATCCTCCTCTTTCTAGTAATATTGCCCATAGAGGAGCTTCAGTTGATCTTGCTATTTTTTCATTACATTTAGCAGGAATTTCATCAATTTTAGGAGCTGTAAATTTTATTACAACTGTTATTAATATACGTGCTACAGGAATTACCCTTGATCGAATACCCCTCTTTGCTTGATCAGTTGTAATTACAGCAGTTTTATTACTTTTATCATTACCAGTTCTAGCAGGAGCTATTACAATACTTTTAACAGATCGTAATCTAAATACTTCCTTCTTTGACCCAGCAGGAGGGGGAGACCCTATTCTTTATCAACATCTATTT	657
GBDP25602-19	KY883625	9898467	Phl_SoE16s	NA	Mined from GenBank, NCBI	NA	BOLD:AAY5167	20	Arthropoda	82	Insecta	127	Diptera	183623	Psychodidae	374780	Phlebotominae	211753	Phlebotomus	653216	Phlebotomus chinensis	NA	NA	NA	NA	NA	NA	NA	NA	NA	NA	NA	NA	NA	NA	NA	NA	NA	NA	NA	NA	NA	NA	NA	NA	27.17	78	NA	NA	NA	NA	NA	NA	India	NA	NA	NA	NA	NA	NA	NA	NA	NA	NA	NA	NA	NA	10882008	COI-5P	KY883625	TATTTTATTTTTGGAGCCTGAGCAGGGATAGTAGGTACATCCTTAAGAATCTTAATTCGAGCAGAACTCGGCCATCCTGGAGCTTTAATTGGCGATGATCAAATTTATAATGTAATTGTAACAGCTCATGCATTTGTAATAATTTTTTTTATAGTTATGCCTATTATAATTGGGGGATTTGGTAACTGACTTGTCCCTCTAATATTAGGTGCCCCTGACATAGCTTTTCCTCGAATAAATAATATAAGTTTTTGACTATTACCCCCTTCATTAACTCTATTATTAACAAGAAGAATAGTTGAAACTGGAGCAGGGACAGGGTGAACTGTTTATCCCCCTCTTTCAAGAAATATTGCTCATGGGGGAGCCTCTGTTGATTTAGCAATTTTCTCTTTACATTTAGCTGGTATTTCATCAATTTTAGGAGCAGTAAATTTTATTACAACTATTATTAATATACGAGCTACAGGGATTACTCTAGATCGAATACCATTATTTGCTTGATCTGTAGTAATTACAGCTGTTCTCCTTCTTCTCTCTCTTCCCGTTCTTGCGGGAGCTATTACTATACTTCTAACTGATCGAAATCTCAATACTTCATTCTTTGATCCTGCAGGAGGAGGAGATCCAATTTTATATCAACATTTATTTTGATTT	NA	NA	NA	NA	NA	NA	NA	NA	657	TATTTTATTTTTGGAGCCTGAGCAGGGATAGTAGGTACATCCTTAAGAATCTTAATTCGAGCAGAACTCGGCCATCCTGGAGCTTTAATTGGCGATGATCAAATTTATAATGTAATTGTAACAGCTCATGCATTTGTAATAATTTTTTTTATAGTTATGCCTATTATAATTGGGGGATTTGGTAACTGACTTGTCCCTCTAATATTAGGTGCCCCTGACATAGCTTTTCCTCGAATAAATAATATAAGTTTTTGACTATTACCCCCTTCATTAACTCTATTATTAACAAGAAGAATAGTTGAAACTGGAGCAGGGACAGGGTGAACTGTTTATCCCCCTCTTTCAAGAAATATTGCTCATGGGGGAGCCTCTGTTGATTTAGCAATTTTCTCTTTACATTTAGCTGGTATTTCATCAATTTTAGGAGCAGTAAATTTTATTACAACTATTATTAATATACGAGCTACAGGGATTACTCTAGATCGAATACCATTATTTGCTTGATCTGTAGTAATTACAGCTGTTCTCCTTCTTCTCTCTCTTCCCGTTCTTGCGGGAGCTATTACTATACTTCTAACTGATCGAAATCTCAATACTTCATTCTTTGATCCTGCAGGAGGAGGAGATCCAATTTTATATCAACATTTATTTTGATTT	657
GBMIN59773-17	KR020553	8399388	NA	NA	Mined from GenBank, NCBI	NA	BOLD:ADK5343	20	Arthropoda	82	Insecta	127	Diptera	183623	Psychodidae	374780	Phlebotominae	211753	Phlebotomus	789209	Phlebotomus cf. lesleyae	NA	NA	NA	NA	NA	NA	NA	NA	NA	NA	NA	NA	NA	NA	NA	NA	NA	NA	NA	NA	NA	NA	NA	NA	NA	NA	NA	NA	NA	NA	NA	NA	Ethiopia	NA	NA	NA	NA	NA	NA	NA	NA	NA	NA	NA	NA	NA	9702140	COI-5P	KR020553	AACATTATATTTTATTTTTGGTGCTTGATCAGGAATAATCGGAACATCCTTAAGAATTTTAATTCGAGCAGAACTAGGACACCCTGGAGCATTAATTGGTGATGATCAAATTTATAATGTTATTGTAACTGCTCATGCTTTTATTATAATTTTTTTCATAGTTATACCAATTATAATTGGAGGATTTGGAAATTGACTCGTCCCATTAATACTAGGAGCACCCGATATAGCTTTCCCCCGAATAAATAATATAAGATTTTGACTACTTCCTCCTTCATTAACCCTTTTATTAACAAGAAGAATAGTTGAAACTGGAGCAGGAACAGGATGAACTGTTTATCCCCCTTTATCTAGAAATATTGCTCATGGAGGAGCTTCAGTTGATTTAGCAATTTTTTCTCTTCACTTAGCAGGAATTTCCTCTATTTTAGGAGCTGTAAATTTTATTACCACAGTCATTAATATACGATCAACAGGTATTACACTTGACCGAATACCTTTATTTGCCTGATCTGTTGTAATTACAGCTGTCCTTTTACTTCTTTCTCTCCCTGTTCTAGCAGGAGCAATTACTATACTTCTAACAGATCGAAACTTAAATACTTCGTTTTTTGATCCAGCTGGAGGTGGAGATCCAATTTTATATCAACATTTATTT	NA	NA	NA	NA	NA	NA	NA	NA	658	AACATTATATTTTATTTTTGGTGCTTGATCAGGAATAATCGGAACATCCTTAAGAATTTTAATTCGAGCAGAACTAGGACACCCTGGAGCATTAATTGGTGATGATCAAATTTATAATGTTATTGTAACTGCTCATGCTTTTATTATAATTTTTTTCATAGTTATACCAATTATAATTGGAGGATTTGGAAATTGACTCGTCCCATTAATACTAGGAGCACCCGATATAGCTTTCCCCCGAATAAATAATATAAGATTTTGACTACTTCCTCCTTCATTAACCCTTTTATTAACAAGAAGAATAGTTGAAACTGGAGCAGGAACAGGATGAACTGTTTATCCCCCTTTATCTAGAAATATTGCTCATGGAGGAGCTTCAGTTGATTTAGCAATTTTTTCTCTTCACTTAGCAGGAATTTCCTCTATTTTAGGAGCTGTAAATTTTATTACCACAGTCATTAATATACGATCAACAGGTATTACACTTGACCGAATACCTTTATTTGCCTGATCTGTTGTAATTACAGCTGTCCTTTTACTTCTTTCTCTCCCTGTTCTAGCAGGAGCAATTACTATACTTCTAACAGATCGAAACTTAAATACTTCGTTTTTTGATCCAGCTGGAGGTGGAGATCCAATTTTATATCAACATTTATTT	658
GBMIN59776-17	KY564184	8399391	NA	NA	Mined from GenBank, NCBI	NA	BOLD:ACZ6403	20	Arthropoda	82	Insecta	127	Diptera	183623	Psychodidae	374780	Phlebotominae	211753	Phlebotomus	320636	Phlebotomus kandelakii	NA	NA	NA	NA	Shurenkova, 1929	NA	NA	NA	NA	NA	NA	NA	NA	NA	NA	NA	NA	NA	NA	NA	NA	NA	NA	NA	40.64	47.54	NA	NA	NA	NA	NA	NA	Azerbaijan	NA	NA	NA	NA	NA	NA	NA	NA	NA	NA	NA	NA	NA	9708889	COI-5P	KY564184	ACACTTTATTTTATTTTTGGAGCATGAGCCGGAATAGTAGGAACATCTTTAAGAATTTTAATTCGAGCTGAATTAGGACACCCTGGAGCTTTAATTGGAGATGATCAAATTTATAATGTAATTGTCACAGCACATGCTTTTGTCATAATTTTTTTTATAGTTATACCTATTATAATTGGAGGGTTTGGAAATTGATTAGTTCCTTTAATATTAGGAGCCCCAGATATAGCATTTCCTCGAATAAATAATATAAGATTTTGACTTCTTCCTCCTTCATTAACGTTACTTTTAACTAGAAGAATAGTTGAAACTGGAGCTGGAACGGGATGAACAGTTTATCCCCCTCTTTCAAGTAATATTGCTCATAGAGGAGCTTCTGTTGATTTAGCTATTTTTTCATTACATTTAGCAGGAATTTCTTCTATTTTAGGGGCAGTTAATTTTATTACTACTGTAATTAATATACGAGCAACAGGAATTACTCTTGACCGAATACCTTTGTTTGCATGATCAGTTGTTATTACTGCTATTTTATTACTTTTATCTTTACCAGTCTTAGCAGGAGCTATTACAATACTTTTAACAGATCGTAATTTAAATACTTCTTTTTTCGACCCAGCTGGAGGAGGAGACCCTATTTTATATCAACATTTATTT	NA	NA	NA	NA	NA	NA	NA	NA	657	ACACTTTATTTTATTTTTGGAGCATGAGCCGGAATAGTAGGAACATCTTTAAGAATTTTAATTCGAGCTGAATTAGGACACCCTGGAGCTTTAATTGGAGATGATCAAATTTATAATGTAATTGTCACAGCACATGCTTTTGTCATAATTTTTTTTATAGTTATACCTATTATAATTGGAGGGTTTGGAAATTGATTAGTTCCTTTAATATTAGGAGCCCCAGATATAGCATTTCCTCGAATAAATAATATAAGATTTTGACTTCTTCCTCCTTCATTAACGTTACTTTTAACTAGAAGAATAGTTGAAACTGGAGCTGGAACGGGATGAACAGTTTATCCCCCTCTTTCAAGTAATATTGCTCATAGAGGAGCTTCTGTTGATTTAGCTATTTTTTCATTACATTTAGCAGGAATTTCTTCTATTTTAGGGGCAGTTAATTTTATTACTACTGTAATTAATATACGAGCAACAGGAATTACTCTTGACCGAATACCTTTGTTTGCATGATCAGTTGTTATTACTGCTATTTTATTACTTTTATCTTTACCAGTCTTAGCAGGAGCTATTACAATACTTTTAACAGATCGTAATTTAAATACTTCTTTTTTCGACCCAGCTGGAGGAGGAGACCCTATTTTATATCAACATTTATTT	657
GBDP23946-19	KR020561	9896811	PAP.F.2	NA	Mined from GenBank, NCBI	NA	BOLD:AAY5167	20	Arthropoda	82	Insecta	127	Diptera	183623	Psychodidae	374780	Phlebotominae	211753	Phlebotomus	320635	Phlebotomus papatasi	NA	NA	NA	NA	Scopoli, 1786	NA	NA	NA	NA	NA	NA	NA	NA	NA	NA	NA	NA	NA	NA	NA	NA	NA	NA	NA	NA	NA	NA	NA	NA	NA	NA	NA	Ethiopia	NA	NA	NA	NA	NA	NA	NA	NA	NA	NA	NA	NA	NA	10872176	COI-5P	KR020561	AACCTTATATTTTATTTTTGGGGCCTGAGCAGGGATAGTAGGTACATCCTTAAGAATCTTAATTCGAGCAGAACTCGGCCATCCTGGAGCTTTAATTGGCGATGATCAAATTTATAATGTAATTGTAACAGCTCATGCATTTGTAATAATTTTTTTTATAGTTATGCCTATTATAATTGGGGGATTTGGTAACTGACTTGTCCCTCTAATATTAGGTGCCCCTGACATAGCTTTTCCTCGAATAAATAATATAAGTTTTTGATTATTACCCCCTTCATTAACTCTATTATTAACAAGAAGAATAGTTGAAACTGGAGCAGGGACAGGGTGAACTGTTTATCCCCCTCTTTCAAGAAATATCGCTCATGGGGGAGCCTCTGTTGATTTAGCAATTTTCTCTTTACATTTAGCTGGTATTTCATCAATTTTAGGAGCAGTAAATTTTATTACAACTATTATTAATATACGAGCCACAGGGATTACTCTAGATCGAATGCCATTATTTGCTTGATCTGTAGTAATTACAGCTGTTCTCCTTCTTCTCTCTCTTCCCGTTCTTGCAGGGGCTATTACTATACTTCTAACTGATCGAAATCTCAATACTTCATTCTTTGATCCTGCAGGAGGAGGAGATCCAATTTTATATCAACATTTATTT	NA	NA	NA	NA	NA	NA	NA	NA	658	AACCTTATATTTTATTTTTGGGGCCTGAGCAGGGATAGTAGGTACATCCTTAAGAATCTTAATTCGAGCAGAACTCGGCCATCCTGGAGCTTTAATTGGCGATGATCAAATTTATAATGTAATTGTAACAGCTCATGCATTTGTAATAATTTTTTTTATAGTTATGCCTATTATAATTGGGGGATTTGGTAACTGACTTGTCCCTCTAATATTAGGTGCCCCTGACATAGCTTTTCCTCGAATAAATAATATAAGTTTTTGATTATTACCCCCTTCATTAACTCTATTATTAACAAGAAGAATAGTTGAAACTGGAGCAGGGACAGGGTGAACTGTTTATCCCCCTCTTTCAAGAAATATCGCTCATGGGGGAGCCTCTGTTGATTTAGCAATTTTCTCTTTACATTTAGCTGGTATTTCATCAATTTTAGGAGCAGTAAATTTTATTACAACTATTATTAATATACGAGCCACAGGGATTACTCTAGATCGAATGCCATTATTTGCTTGATCTGTAGTAATTACAGCTGTTCTCCTTCTTCTCTCTCTTCCCGTTCTTGCAGGGGCTATTACTATACTTCTAACTGATCGAAATCTCAATACTTCATTCTTTGATCCTGCAGGAGGAGGAGATCCAATTTTATATCAACATTTATTT	658
GBDP23983-19	KR020555	9896848	ORI.F.1	NA	Mined from GenBank, NCBI	NA	BOLD:ADK6538	20	Arthropoda	82	Insecta	127	Diptera	183623	Psychodidae	374780	Phlebotominae	211753	Phlebotomus	789211	Phlebotomus orientalis	NA	NA	NA	NA	NA	NA	NA	NA	NA	NA	NA	NA	NA	NA	NA	NA	NA	NA	NA	NA	NA	NA	NA	NA	NA	NA	NA	NA	NA	NA	NA	NA	Ethiopia	NA	NA	NA	NA	NA	NA	NA	NA	NA	NA	NA	NA	NA	10872174	COI-5P	KR020555	AACCCTTTATTTTATTTTTGGGGCTTGAGCAGGTATAGTTGGAACTTCTTTAAGAATTTTAATTCGAGCAGAGTTAGGGCACCCTGGAGCATTAATTGGAGATGACCAAATTTATAATGTAATTGTAACAGCCCATGCCTTTGTTATAATTTTTTTTATAGTTATACCTATTATAATTGGAGGATTTGGAAATTGACTTGTTCCTTTAATATTAGGAGCCCCTGATATAGCATTCCCACGAATAAATAATATAAGATTTTGATTACTTCCACCCTCATTAACCCTTCTTTTAACTAGAAGAATAGTTGAAACTGGAGCAGGAACAGGATGAACTGTTTATCCTCCTCTCTCTAGCAATATTGCACATAGTGGAGCCTCAGTTGACCTTGCTATTTTTTCATTACATTTAGCAGGAATTTCTTCAATTCTTGGTGCTGTAAATTTTATTACAACAGTAATCAATATACGAGCAACAGGAATTACTCTTGATCGAATACCTCTATTTGCCTGATCCGTTGTTATTACAGCCATTTTATTACTTTTATCTTTACCTGTATTAGCAGGAGCAATTACAATACTTTTAACAGACCGTAATTTAAACACTTCCTTTTTTGACCCAGCAGGAGGGGGTGATCCTATTCTTTATCAACACTTATTT	NA	NA	NA	NA	NA	NA	NA	NA	658	AACCCTTTATTTTATTTTTGGGGCTTGAGCAGGTATAGTTGGAACTTCTTTAAGAATTTTAATTCGAGCAGAGTTAGGGCACCCTGGAGCATTAATTGGAGATGACCAAATTTATAATGTAATTGTAACAGCCCATGCCTTTGTTATAATTTTTTTTATAGTTATACCTATTATAATTGGAGGATTTGGAAATTGACTTGTTCCTTTAATATTAGGAGCCCCTGATATAGCATTCCCACGAATAAATAATATAAGATTTTGATTACTTCCACCCTCATTAACCCTTCTTTTAACTAGAAGAATAGTTGAAACTGGAGCAGGAACAGGATGAACTGTTTATCCTCCTCTCTCTAGCAATATTGCACATAGTGGAGCCTCAGTTGACCTTGCTATTTTTTCATTACATTTAGCAGGAATTTCTTCAATTCTTGGTGCTGTAAATTTTATTACAACAGTAATCAATATACGAGCAACAGGAATTACTCTTGATCGAATACCTCTATTTGCCTGATCCGTTGTTATTACAGCCATTTTATTACTTTTATCTTTACCTGTATTAGCAGGAGCAATTACAATACTTTTAACAGACCGTAATTTAAACACTTCCTTTTTTGACCCAGCAGGAGGGGGTGATCCTATTCTTTATCAACACTTATTT	658
GBDP25280-19	KY564181	9898145	PER-111	NA	Mined from GenBank, NCBI	NA	BOLD:ADS5369	20	Arthropoda	82	Insecta	127	Diptera	183623	Psychodidae	374780	Phlebotominae	211753	Phlebotomus	789218	Phlebotomus transcaucasicus	NA	NA	NA	NA	NA	NA	NA	NA	NA	NA	NA	NA	NA	NA	NA	NA	NA	NA	NA	NA	NA	NA	NA	NA	39.19	48.22	NA	NA	NA	NA	NA	NA	Azerbaijan	NA	NA	NA	NA	NA	NA	NA	NA	NA	NA	NA	NA	NA	10881686	COI-5P	KY564181	ACTCTTTATTTTATTTTTGGAGCTTGAGCCGGAATAGTAGGAACTTCATTAAGAATCTTAATTCGTGCAGAACTTGGTCACCCCGGAGCATTAATTGGAGATGATCAAATTTATAATGTAATTGTAACAGCACATGCATTTGTTATAATTTTCTTTATAGTTATACCTATTATAATTGGTGGATTTGGAAATTGACTAATCCCTTTAATACTAGGAGCACCTGATATAGCATTTCCACGAATAAATAATATAAGATTTTGATTACTACCTCCTTCACTAACTCTACTTTTAACTAGAAGAATAGTTGAAACTGGAGCAGGAACAGGATGAACTGTTTATCCTCCTCTTTCTAGTAATATTGCCCATAGAGGAGCTTCAGTTGATCTTGCTATTTTTTCATTACATTTAGCAGGAATTTCATCAATTTTAGGAGCTGTAAATTTTATTACAACTGTTATTAATATACGTGCTACAGGAATTACCCTTGATCGAATACCCCTCTTTGCTTGATCAGTTGTAATTACAGCAGTTTTATTACTTTTATCATTACCAGTTCTAGCAGGAGCTATTACAATACTTTTAACAGATCGTAATCTAAATACTTCCTTCTTTGACCCAGCAGGAGGGGGAGACCCTATTCTTTATCAACATCTATTT	NA	NA	NA	NA	NA	NA	NA	NA	657	ACTCTTTATTTTATTTTTGGAGCTTGAGCCGGAATAGTAGGAACTTCATTAAGAATCTTAATTCGTGCAGAACTTGGTCACCCCGGAGCATTAATTGGAGATGATCAAATTTATAATGTAATTGTAACAGCACATGCATTTGTTATAATTTTCTTTATAGTTATACCTATTATAATTGGTGGATTTGGAAATTGACTAATCCCTTTAATACTAGGAGCACCTGATATAGCATTTCCACGAATAAATAATATAAGATTTTGATTACTACCTCCTTCACTAACTCTACTTTTAACTAGAAGAATAGTTGAAACTGGAGCAGGAACAGGATGAACTGTTTATCCTCCTCTTTCTAGTAATATTGCCCATAGAGGAGCTTCAGTTGATCTTGCTATTTTTTCATTACATTTAGCAGGAATTTCATCAATTTTAGGAGCTGTAAATTTTATTACAACTGTTATTAATATACGTGCTACAGGAATTACCCTTGATCGAATACCCCTCTTTGCTTGATCAGTTGTAATTACAGCAGTTTTATTACTTTTATCATTACCAGTTCTAGCAGGAGCTATTACAATACTTTTAACAGATCGTAATCTAAATACTTCCTTCTTTGACCCAGCAGGAGGGGGAGACCCTATTCTTTATCAACATCTATTT	657
GBMIN59812-17	KU519501	8399427	NA	NA	Mined from GenBank, NCBI	NA	BOLD:ADK6624	20	Arthropoda	82	Insecta	127	Diptera	183623	Psychodidae	374780	Phlebotominae	211753	Phlebotomus	789212	Phlebotomus simici	NA	NA	NA	NA	NA	NA	NA	NA	NA	NA	NA	NA	NA	NA	NA	NA	NA	NA	NA	NA	NA	NA	NA	NA	NA	NA	NA	NA	NA	NA	NA	NA	Greece	NA	Thessaloniki	NA	NA	NA	NA	NA	NA	NA	NA	NA	NA	NA	9705399	COI-5P	KU519501	ACTTTATATTTTATTTTTGGTGCTTGAGCTGGAATAGTAGGTACTTCCCTAAGAATCTTAATTCGAGCTGAACTAGGTCATCCCGGTGCTTTAATTGGAGATGATCAAATTTATAATGTTATTGTTACTGCCCATGCTTTTGTAATAATTTTTTTTATAGTAATACCAATTATAATTGGAGGATTTGGTAATTGATTAATTCCTTTAATACTAGGAGCCCCAGATATGGCATTTCCACGAATAAATAATATAAGATTTTGATTATTACCCCCATCATTAACTTTATTATTAACTAGAGGAATAGTTGAAACTGGAGCAGGAACAGGATGAACTGTGTATCCTCCTCTTTCAAGAAATATTGCTCATGGAGGAGCTTCTGTAGATTTAGCAATTTTTTCTCTTCATCTTGCTGGAGTATCCTCTATTTTAGGAGCTGTAAATTTTATTACTACAGTTATTAATATACGAGCAACAGGAATTACTCTTGATCGAATACCTCTTTTTACTTGATCTGTTGTAATTACAGCTGTTCTTTTACTTTTATCATTACCTGTATTAGCTGGAGCTATTACAATACTATTAACAGATCGAAATCTAAATACTTCTTTTTTTGATCCTGCAGGAGGTGGAGATCCAATTTTATACCAACATTTAT	NA	NA	NA	NA	NA	NA	NA	NA	655	ACTTTATATTTTATTTTTGGTGCTTGAGCTGGAATAGTAGGTACTTCCCTAAGAATCTTAATTCGAGCTGAACTAGGTCATCCCGGTGCTTTAATTGGAGATGATCAAATTTATAATGTTATTGTTACTGCCCATGCTTTTGTAATAATTTTTTTTATAGTAATACCAATTATAATTGGAGGATTTGGTAATTGATTAATTCCTTTAATACTAGGAGCCCCAGATATGGCATTTCCACGAATAAATAATATAAGATTTTGATTATTACCCCCATCATTAACTTTATTATTAACTAGAGGAATAGTTGAAACTGGAGCAGGAACAGGATGAACTGTGTATCCTCCTCTTTCAAGAAATATTGCTCATGGAGGAGCTTCTGTAGATTTAGCAATTTTTTCTCTTCATCTTGCTGGAGTATCCTCTATTTTAGGAGCTGTAAATTTTATTACTACAGTTATTAATATACGAGCAACAGGAATTACTCTTGATCGAATACCTCTTTTTACTTGATCTGTTGTAATTACAGCTGTTCTTTTACTTTTATCATTACCTGTATTAGCTGGAGCTATTACAATACTATTAACAGATCGAAATCTAAATACTTCTTTTTTTGATCCTGCAGGAGGTGGAGATCCAATTTTATACCAACATTTAT	655
