Process_ID	Phylum	Class	Order	Family	Subfamily	Tribe	Genus	Species	Subspecies	Country	Exactsite	Latitude	Longitude	Elevation	seq_len	As_CellularOrganism	CellularOrganism_sc	As_superkingdom	Superkingdom_sc	As_kingdom	Kingdom_sc	As_phylum	Phylum_sc	As_class	Class_sc	As_order	Order_sc	As_family	Family_sc	As_genus	Genus_sc	As_species	Species_sc
GBDP28622-19	Arthropoda	Insecta	Diptera	Psychodidae	Phlebotominae	NA	Sergentomyia	Sergentomyia_cincta	NA	Cameroon	NA	NA	NA	NA	549	cellularOrganisms	1	Eukaryota	1	Metazoa	1	Arthropoda	1	Insecta	1	Diptera	1	Psychodidae	1	Sergentomyia	1	Sergentomyia_antennata	1
GBDP8084-09	Arthropoda	Insecta	Diptera	Psychodidae	Phlebotominae	NA	Phlebotomus	Phlebotomus_sp._JD-2008	NA	Thailand	NA	NA	NA	NA	687	cellularOrganisms	1	Eukaryota	1	Metazoa	1	Arthropoda	1	Insecta	1	Diptera	1	Psychodidae	1	Phlebotomus	1	Phlebotomus_barguesae	1
GBDP9110-10	Arthropoda	Insecta	Diptera	Psychodidae	Phlebotominae	NA	Lutzomyia	Lutzomyia_nr._vespertilionis_394	NA	Panama	NA	NA	NA	NA	549	cellularOrganisms	1	Eukaryota	1	Metazoa	1	Arthropoda	1	Insecta	1	Diptera	1	Psychodidae	1	Lutzomyia	1	Lutzomyia_vespertilionis	1
GBMIN14870-13	Arthropoda	Insecta	Diptera	Psychodidae	Phlebotominae	NA	Lutzomyia	Lutzomyia_trapidoi	NA	Ecuador	NA	NA	NA	NA	683	cellularOrganisms	1	Eukaryota	1	Metazoa	1	Arthropoda	1	Insecta	1	Diptera	1	Psychodidae	1	Nyssomyia	1	Nyssomyia_trapidoi	1
GBPSY284-14	Arthropoda	Insecta	Diptera	Psychodidae	Phlebotominae	NA	Lutzomyia	Lutzomyia_anduzei	NA	NA	NA	NA	NA	NA	660	cellularOrganisms	1	Eukaryota	1	Metazoa	1	Arthropoda	1	Insecta	1	Diptera	1	Psychodidae	1	Nyssomyia	1	Nyssomyia_anduzei	1
GBPSY347-14	Arthropoda	Insecta	Diptera	Psychodidae	Phlebotominae	NA	Lutzomyia	Lutzomyia_umbratilis	NA	NA	NA	NA	NA	NA	660	cellularOrganisms	1	Eukaryota	1	Metazoa	1	Arthropoda	1	Insecta	1	Diptera	1	Psychodidae	1	Nyssomyia	1	Nyssomyia_umbratilis	1
GBPSY350-14	Arthropoda	Insecta	Diptera	Psychodidae	Phlebotominae	NA	Lutzomyia	Lutzomyia_umbratilis	NA	NA	NA	NA	NA	NA	660	cellularOrganisms	1	Eukaryota	1	Metazoa	1	Arthropoda	1	Insecta	1	Diptera	1	Psychodidae	1	Nyssomyia	1	Nyssomyia_umbratilis	1
GBMIN14872-13	Arthropoda	Insecta	Diptera	Psychodidae	Phlebotominae	NA	Lutzomyia	Lutzomyia_trapidoi	NA	Ecuador	NA	NA	NA	NA	683	cellularOrganisms	1	Eukaryota	1	Metazoa	1	Arthropoda	1	Insecta	1	Diptera	1	Psychodidae	1	Nyssomyia	1	Nyssomyia_trapidoi	1
GBMIN14876-13	Arthropoda	Insecta	Diptera	Psychodidae	Phlebotominae	NA	Lutzomyia	Lutzomyia_trapidoi	NA	Ecuador	NA	NA	NA	NA	683	cellularOrganisms	1	Eukaryota	1	Metazoa	1	Arthropoda	1	Insecta	1	Diptera	1	Psychodidae	1	Nyssomyia	1	Nyssomyia_trapidoi	1
GBPSY007-14	Arthropoda	Insecta	Diptera	Psychodidae	Phlebotominae	NA	Lutzomyia	Lutzomyia_carrerai	Lutzomyia_carrerai_thula	Colombia	NA	4.9923	-75.5963	NA	696	cellularOrganisms	1	Eukaryota	1	Metazoa	1	Arthropoda	1	Insecta	1	Diptera	1	Psychodidae	1	Psychodopygus	1	Psychodopygus_thula	1
GBPSY263-14	Arthropoda	Insecta	Diptera	Psychodidae	Phlebotominae	NA	Lutzomyia	Lutzomyia_anduzei	NA	NA	NA	NA	NA	NA	660	cellularOrganisms	1	Eukaryota	1	Metazoa	1	Arthropoda	1	Insecta	1	Diptera	1	Psychodidae	1	Nyssomyia	1	Nyssomyia_anduzei	1
GBPSY266-14	Arthropoda	Insecta	Diptera	Psychodidae	Phlebotominae	NA	Lutzomyia	Lutzomyia_anduzei	NA	NA	NA	NA	NA	NA	660	cellularOrganisms	1	Eukaryota	1	Metazoa	1	Arthropoda	1	Insecta	1	Diptera	1	Psychodidae	1	Nyssomyia	1	Nyssomyia_anduzei	1
GBPSY311-14	Arthropoda	Insecta	Diptera	Psychodidae	Phlebotominae	NA	Lutzomyia	Lutzomyia_spinicrasa	NA	NA	NA	NA	NA	NA	546	cellularOrganisms	1	Eukaryota	1	Metazoa	1	Arthropoda	1	Insecta	1	Diptera	1	Psychodidae	1	Lutzomyia	1	Lutzomyia_spinicrassa	1
GBPSY328-14	Arthropoda	Insecta	Diptera	Psychodidae	Phlebotominae	NA	Lutzomyia	Lutzomyia_umbratilis	NA	NA	NA	NA	NA	NA	660	cellularOrganisms	1	Eukaryota	1	Metazoa	1	Arthropoda	1	Insecta	1	Diptera	1	Psychodidae	1	Nyssomyia	1	Nyssomyia_umbratilis	1
GBDP18529-15	Arthropoda	Insecta	Diptera	Psychodidae	Phlebotominae	NA	Lutzomyia	Lutzomyia_battistinii	NA	Peru	NA	NA	NA	NA	661	cellularOrganisms	1	Eukaryota	1	Metazoa	1	Arthropoda	1	Insecta	1	Diptera	1	Psychodidae	1	Lutzomyia	1	Lutzomyia_battistini	1
GBDP18532-15	Arthropoda	Insecta	Diptera	Psychodidae	Phlebotominae	NA	Lutzomyia	Lutzomyia_battistinii	NA	Peru	NA	NA	NA	NA	661	cellularOrganisms	1	Eukaryota	1	Metazoa	1	Arthropoda	1	Insecta	1	Diptera	1	Psychodidae	1	Lutzomyia	1	Lutzomyia_battistini	1
GBMIN59817-17	Arthropoda	Insecta	Diptera	Psychodidae	Phlebotominae	NA	Phlebotomus	Phlebotomus_sp._UNK.F.1-1	NA	Ethiopia	NA	NA	NA	NA	658	cellularOrganisms	1	Eukaryota	1	Metazoa	1	Arthropoda	1	Insecta	1	Diptera	1	Psychodidae	1	Sergentomyia	1	Sergentomyia_clydei	1
GBMIN59900-17	Arthropoda	Insecta	Diptera	Psychodidae	Phlebotominae	NA	Sergentomyia	Sergentomyia_sp._SERG.UNK.F.1-2	NA	Ethiopia	NA	NA	NA	NA	658	cellularOrganisms	1	Eukaryota	1	Metazoa	1	Arthropoda	1	Insecta	1	Diptera	1	Psychodidae	1	Sergentomyia	1	Sergentomyia_clydei	1
GBPSY056-14	Arthropoda	Insecta	Diptera	Psychodidae	Phlebotominae	NA	Lutzomyia	Lutzomyia_nuneztovari	NA	Colombia	NA	5.3763	-75.4897	NA	696	cellularOrganisms	1	Eukaryota	1	Metazoa	1	Arthropoda	1	Insecta	1	Diptera	1	Psychodidae	1	Lutzomyia	1	Lutzomyia_nunez-tovari	1
GBPSY276-14	Arthropoda	Insecta	Diptera	Psychodidae	Phlebotominae	NA	Lutzomyia	Lutzomyia_anduzei	NA	NA	NA	NA	NA	NA	660	cellularOrganisms	1	Eukaryota	1	Metazoa	1	Arthropoda	1	Insecta	1	Diptera	1	Psychodidae	1	Nyssomyia	1	Nyssomyia_anduzei	1
GBPSY309-14	Arthropoda	Insecta	Diptera	Psychodidae	Phlebotominae	NA	Lutzomyia	Lutzomyia_runoides	NA	NA	NA	NA	NA	NA	546	cellularOrganisms	1	Eukaryota	1	Metazoa	1	Arthropoda	1	Insecta	1	Diptera	1	Psychodidae	1	Psathyromyia	1	Psathyromyia_runoides	1
DFSFS053-11	Arthropoda	Insecta	Diptera	Psychodidae	Phlebotominae	NA	Lutzomyia	Lutzomyia_shannoni	NA	United_States	NA	30.5683	-91.17	NA	658	cellularOrganisms	1	Eukaryota	1	Metazoa	1	Arthropoda	1	Insecta	1	Diptera	1	Psychodidae	1	Psathyromyia	1	Psathyromyia_shannoni	1
DFSFS058-11	Arthropoda	Insecta	Diptera	Psychodidae	Phlebotominae	NA	Lutzomyia	Lutzomyia_shannoni	NA	United_States	NA	39.2842	-76.9056	NA	658	cellularOrganisms	1	Eukaryota	1	Metazoa	1	Arthropoda	1	Insecta	1	Diptera	1	Psychodidae	1	Psathyromyia	1	Psathyromyia_shannoni	1
GBMIN14893-13	Arthropoda	Insecta	Diptera	Psychodidae	Phlebotominae	NA	Lutzomyia	Lutzomyia_trapidoi	NA	Ecuador	NA	NA	NA	NA	683	cellularOrganisms	1	Eukaryota	1	Metazoa	1	Arthropoda	1	Insecta	1	Diptera	1	Psychodidae	1	Nyssomyia	1	Nyssomyia_trapidoi	1
GBMIN23036-13	Arthropoda	Insecta	Diptera	Psychodidae	Phlebotominae	NA	Lutzomyia	Lutzomyia_shannoni	NA	Colombia	NA	NA	NA	NA	681	cellularOrganisms	1	Eukaryota	1	Metazoa	1	Arthropoda	1	Insecta	1	Diptera	1	Psychodidae	1	Psathyromyia	1	Psathyromyia_shannoni	1
GBMIN23038-13	Arthropoda	Insecta	Diptera	Psychodidae	Phlebotominae	NA	Lutzomyia	Lutzomyia_micropyga	NA	Colombia	NA	NA	NA	NA	681	cellularOrganisms	1	Eukaryota	1	Metazoa	1	Arthropoda	1	Insecta	1	Diptera	1	Psychodidae	1	Micropygomyia	1	Micropygomyia_micropyga	1
GBPSY044-14	Arthropoda	Insecta	Diptera	Psychodidae	Phlebotominae	NA	Lutzomyia	Lutzomyia_yuilli	Lutzomyia_yuilli_yuilli	Colombia	NA	5.3333	-74.9333	NA	696	cellularOrganisms	1	Eukaryota	1	Metazoa	1	Arthropoda	1	Insecta	1	Diptera	1	Psychodidae	1	Nyssomyia	1	Nyssomyia_yuilli	1
GBPSY105-14	Arthropoda	Insecta	Diptera	Psychodidae	Phlebotominae	NA	Lutzomyia	Lutzomyia_trapidoi	NA	Colombia	NA	6.3717	-77.3695	NA	696	cellularOrganisms	1	Eukaryota	1	Metazoa	1	Arthropoda	1	Insecta	1	Diptera	1	Psychodidae	1	Nyssomyia	1	Nyssomyia_trapidoi	1
GBPSY273-14	Arthropoda	Insecta	Diptera	Psychodidae	Phlebotominae	NA	Lutzomyia	Lutzomyia_anduzei	NA	NA	NA	NA	NA	NA	660	cellularOrganisms	1	Eukaryota	1	Metazoa	1	Arthropoda	1	Insecta	1	Diptera	1	Psychodidae	1	Nyssomyia	1	Nyssomyia_anduzei	1
GBPSY353-14	Arthropoda	Insecta	Diptera	Psychodidae	Phlebotominae	NA	Lutzomyia	Lutzomyia_umbratilis	NA	NA	NA	NA	NA	NA	660	cellularOrganisms	1	Eukaryota	1	Metazoa	1	Arthropoda	1	Insecta	1	Diptera	1	Psychodidae	1	Nyssomyia	1	Nyssomyia_umbratilis	1
GMCDZ867-17	Arthropoda	Insecta	Diptera	Psychodidae	Phlebotominae	NA	Lutzomyia	Lutzomyia_edentula	NA	Costa_Rica	Derrumbe	10.9292	-85.4643	1220	594	cellularOrganisms	1	Eukaryota	1	Metazoa	1	Arthropoda	1	Insecta	1	Diptera	1	Psychodidae	1	Nyssomyia	1	Nyssomyia_edentula	1
MABR086-17	Arthropoda	Insecta	Diptera	Psychodidae	Phlebotominae	NA	Lutzomyia	Lutzomyia_longipalpis	NA	Brazil	NA	NA	NA	NA	543	cellularOrganisms	1	Eukaryota	1	Metazoa	1	Arthropoda	1	Insecta	1	Diptera	1	Psychodidae	1	Lutzomyia	1	Lutzomyia_alencari	1
DFSFS078-11	Arthropoda	Insecta	Diptera	Psychodidae	Phlebotominae	NA	Lutzomyia	Lutzomyia_shannoni	NA	United_States	NA	36.6681	-87.7706	NA	658	cellularOrganisms	1	Eukaryota	1	Metazoa	1	Arthropoda	1	Insecta	1	Diptera	1	Psychodidae	1	Psathyromyia	1	Psathyromyia_shannoni	1
GBMIN25064-13	Arthropoda	Insecta	Diptera	Psychodidae	Phlebotominae	NA	Lutzomyia	Lutzomyia_anduzei	NA	NA	NA	NA	NA	NA	1181	cellularOrganisms	1	Eukaryota	1	Metazoa	1	Arthropoda	1	Insecta	1	Diptera	1	Psychodidae	1	Nyssomyia	1	Nyssomyia_anduzei	1
GBMIN59903-17	Arthropoda	Insecta	Diptera	Psychodidae	Phlebotominae	NA	Sergentomyia	Sergentomyia_sp._SERG.UNK.F.1-6	NA	Ethiopia	NA	NA	NA	NA	593	cellularOrganisms	1	Eukaryota	1	Metazoa	1	Arthropoda	1	Insecta	1	Diptera	1	Psychodidae	1	Sergentomyia	1	Sergentomyia_clydei	1
GBPSY098-14	Arthropoda	Insecta	Diptera	Psychodidae	Phlebotominae	NA	Lutzomyia	Lutzomyia_barrettoi	Lutzomyia_barrettoi_majuscula	Colombia	NA	6.3717	-77.3695	NA	696	cellularOrganisms	1	Eukaryota	1	Metazoa	1	Arthropoda	1	Insecta	1	Diptera	1	Psychodidae	1	Psathyromyia	1	Psathyromyia_barrettoi	1
GMCCA112-17	Arthropoda	Insecta	Diptera	Psychodidae	Phlebotominae	NA	Lutzomyia	Lutzomyia_edentula	NA	Costa_Rica	Derrumbe	10.9292	-85.4643	1220	592	cellularOrganisms	1	Eukaryota	1	Metazoa	1	Arthropoda	1	Insecta	1	Diptera	1	Psychodidae	1	Nyssomyia	1	Nyssomyia_edentula	1
MABR029-17	Arthropoda	Insecta	Diptera	Psychodidae	Phlebotominae	NA	Evandromyia	Evandromyia_evandroi	NA	Brazil	NA	NA	NA	NA	543	cellularOrganisms	1	Eukaryota	1	Metazoa	1	Arthropoda	1	Insecta	1	Diptera	1	Psychodidae	1	Evandromyia	1	Evandromyia_lenti	1
DFSFS059-11	Arthropoda	Insecta	Diptera	Psychodidae	Phlebotominae	NA	Lutzomyia	Lutzomyia_shannoni	NA	United_States	NA	39.2842	-76.9056	NA	658	cellularOrganisms	1	Eukaryota	1	Metazoa	1	Arthropoda	1	Insecta	1	Diptera	1	Psychodidae	1	Psathyromyia	1	Psathyromyia_shannoni	1
DFSFS082-11	Arthropoda	Insecta	Diptera	Psychodidae	Phlebotominae	NA	Lutzomyia	Lutzomyia_shannoni	NA	United_States	NA	35.1642	-79.2633	NA	658	cellularOrganisms	1	Eukaryota	1	Metazoa	1	Arthropoda	1	Insecta	1	Diptera	1	Psychodidae	1	Psathyromyia	1	Psathyromyia_shannoni	1
GBDP9114-10	Arthropoda	Insecta	Diptera	Psychodidae	Phlebotominae	NA	Lutzomyia	Lutzomyia_triramula	NA	Panama	NA	NA	NA	NA	549	cellularOrganisms	1	Eukaryota	1	Metazoa	1	Arthropoda	1	Insecta	1	Diptera	1	Psychodidae	1	Trichopygomyia	1	Trichopygomyia_triramula	1
GBMIN23016-13	Arthropoda	Insecta	Diptera	Psychodidae	Phlebotominae	NA	Lutzomyia	Lutzomyia_migonei	NA	Colombia	NA	NA	NA	NA	681	cellularOrganisms	1	Eukaryota	1	Metazoa	1	Arthropoda	1	Insecta	1	Diptera	1	Psychodidae	1	Migonemyia	1	Migonemyia_migonei	1
GBMIN27410-13	Arthropoda	Insecta	Diptera	Psychodidae	Phlebotominae	NA	Sergentomyia	Sergentomyia_bailyi	NA	India	NA	11.64	80.2533	NA	656	cellularOrganisms	1	Eukaryota	1	Metazoa	1	Arthropoda	1	Insecta	1	Diptera	1	Psychodidae	1	Sergentomyia	1	Sergentomyia_punjabensis	1
GBPSY278-14	Arthropoda	Insecta	Diptera	Psychodidae	Phlebotominae	NA	Lutzomyia	Lutzomyia_anduzei	NA	NA	NA	NA	NA	NA	660	cellularOrganisms	1	Eukaryota	1	Metazoa	1	Arthropoda	1	Insecta	1	Diptera	1	Psychodidae	1	Nyssomyia	1	Nyssomyia_anduzei	1
VTGEN073-12	Arthropoda	Insecta	Diptera	Psychodidae	Phlebotominae	NA	Lutzomyia	Lutzomyia_shannoni	NA	United_States	Pine_forest_nr._Beaver_pond	33.37	-81.41	NA	658	cellularOrganisms	1	Eukaryota	1	Metazoa	1	Arthropoda	1	Insecta	1	Diptera	1	Psychodidae	1	Psathyromyia	1	Psathyromyia_shannoni	1
DFSFS075-11	Arthropoda	Insecta	Diptera	Psychodidae	Phlebotominae	NA	Lutzomyia	Lutzomyia_shannoni	NA	United_States	NA	31.3928	-85.965	NA	658	cellularOrganisms	1	Eukaryota	1	Metazoa	1	Arthropoda	1	Insecta	1	Diptera	1	Psychodidae	1	Psathyromyia	1	Psathyromyia_shannoni	1
GBDP23225-19	Arthropoda	Insecta	Diptera	Psychodidae	Phlebotominae	NA	Phlebotomus	Phlebotomus_duboscqi	NA	Ethiopia	NA	NA	NA	NA	561	cellularOrganisms	1	Eukaryota	1	Metazoa	1	Arthropoda	1	Insecta	1	Diptera	1	Psychodidae	1	Phlebotomus	1	Phlebotomus_papatasi	1
GBMIN14895-13	Arthropoda	Insecta	Diptera	Psychodidae	Phlebotominae	NA	Lutzomyia	Lutzomyia_trapidoi	NA	Ecuador	NA	NA	NA	NA	683	cellularOrganisms	1	Eukaryota	1	Metazoa	1	Arthropoda	1	Insecta	1	Diptera	1	Psychodidae	1	Nyssomyia	1	Nyssomyia_trapidoi	1
GBMIN14900-13	Arthropoda	Insecta	Diptera	Psychodidae	Phlebotominae	NA	Lutzomyia	Lutzomyia_trapidoi	NA	Ecuador	NA	NA	NA	NA	683	cellularOrganisms	1	Eukaryota	1	Metazoa	1	Arthropoda	1	Insecta	1	Diptera	1	Psychodidae	1	Nyssomyia	1	Nyssomyia_trapidoi	1
GBMIN23067-13	Arthropoda	Insecta	Diptera	Psychodidae	Phlebotominae	NA	Lutzomyia	Lutzomyia_cayennensis	Lutzomyia_cayennensis_cayennensis	Colombia	NA	NA	NA	NA	681	cellularOrganisms	1	Eukaryota	1	Metazoa	1	Arthropoda	1	Insecta	1	Diptera	1	Psychodidae	1	Micropygomyia	1	Micropygomyia_cayennensis	1
GBPSY018-14	Arthropoda	Insecta	Diptera	Psychodidae	Phlebotominae	NA	Lutzomyia	Lutzomyia_carpenteri	NA	Colombia	NA	5.3333	-74.9333	NA	696	cellularOrganisms	1	Eukaryota	1	Metazoa	1	Arthropoda	1	Insecta	1	Diptera	1	Psychodidae	1	Psathyromyia	1	Psathyromyia_carpenteri	1
GBPSY274-14	Arthropoda	Insecta	Diptera	Psychodidae	Phlebotominae	NA	Lutzomyia	Lutzomyia_anduzei	NA	NA	NA	NA	NA	NA	660	cellularOrganisms	1	Eukaryota	1	Metazoa	1	Arthropoda	1	Insecta	1	Diptera	1	Psychodidae	1	Nyssomyia	1	Nyssomyia_anduzei	1
AAASF035-18	Arthropoda	Insecta	Diptera	Psychodidae	Phlebotominae	NA	Brumptomyia	Brumptomyia_mesai	NA	Mexico	NA	18.5345	-88.3353	22	658	cellularOrganisms	1	Eukaryota	1	Metazoa	1	Arthropoda	1	Insecta	1	Diptera	1	Psychodidae	1	Brumptomyia	1	Brumptomyia_hamata	1
GBDP18530-15	Arthropoda	Insecta	Diptera	Psychodidae	Phlebotominae	NA	Lutzomyia	Lutzomyia_battistinii	NA	Peru	NA	NA	NA	NA	661	cellularOrganisms	1	Eukaryota	1	Metazoa	1	Arthropoda	1	Insecta	1	Diptera	1	Psychodidae	1	Lutzomyia	1	Lutzomyia_battistini	1
GBDP25604-19	Arthropoda	Insecta	Diptera	Psychodidae	Phlebotominae	NA	Sergentomyia	Sergentomyia_eadithae	NA	India	NA	33.31	75.76	NA	601	cellularOrganisms	1	Eukaryota	1	Metazoa	1	Arthropoda	1	Insecta	1	Diptera	1	Psychodidae	1	Phlebotomus	1	Phlebotomus_papatasi	1
GBDP9116-10	Arthropoda	Insecta	Diptera	Psychodidae	Phlebotominae	NA	Lutzomyia	Lutzomyia_trapidoi	NA	Panama	NA	NA	NA	NA	549	cellularOrganisms	1	Eukaryota	1	Metazoa	1	Arthropoda	1	Insecta	1	Diptera	1	Psychodidae	1	Nyssomyia	1	Nyssomyia_trapidoi	1
GBDP9120-10	Arthropoda	Insecta	Diptera	Psychodidae	Phlebotominae	NA	Lutzomyia	Lutzomyia_trapidoi	NA	Panama	NA	NA	NA	NA	549	cellularOrganisms	1	Eukaryota	1	Metazoa	1	Arthropoda	1	Insecta	1	Diptera	1	Psychodidae	1	Nyssomyia	1	Nyssomyia_trapidoi	1
GBDP9133-10	Arthropoda	Insecta	Diptera	Psychodidae	Phlebotominae	NA	Lutzomyia	Lutzomyia_panamensis	NA	Panama	NA	NA	NA	NA	549	cellularOrganisms	1	Eukaryota	1	Metazoa	1	Arthropoda	1	Insecta	1	Diptera	1	Psychodidae	1	Psychodopygus	1	Psychodopygus_panamensis	1
GBMIN14878-13	Arthropoda	Insecta	Diptera	Psychodidae	Phlebotominae	NA	Lutzomyia	Lutzomyia_trapidoi	NA	Ecuador	NA	NA	NA	NA	683	cellularOrganisms	1	Eukaryota	1	Metazoa	1	Arthropoda	1	Insecta	1	Diptera	1	Psychodidae	1	Nyssomyia	1	Nyssomyia_trapidoi	1
GBMIN14898-13	Arthropoda	Insecta	Diptera	Psychodidae	Phlebotominae	NA	Lutzomyia	Lutzomyia_trapidoi	NA	Ecuador	NA	NA	NA	NA	683	cellularOrganisms	1	Eukaryota	1	Metazoa	1	Arthropoda	1	Insecta	1	Diptera	1	Psychodidae	1	Nyssomyia	1	Nyssomyia_trapidoi	1
GBMIN23065-13	Arthropoda	Insecta	Diptera	Psychodidae	Phlebotominae	NA	Lutzomyia	Lutzomyia_atroclavata	NA	Colombia	NA	NA	NA	NA	681	cellularOrganisms	1	Eukaryota	1	Metazoa	1	Arthropoda	1	Insecta	1	Diptera	1	Psychodidae	1	Micropygomyia	1	Micropygomyia_atroclavata	1
GBPSY343-14	Arthropoda	Insecta	Diptera	Psychodidae	Phlebotominae	NA	Lutzomyia	Lutzomyia_umbratilis	NA	NA	NA	NA	NA	NA	660	cellularOrganisms	1	Eukaryota	1	Metazoa	1	Arthropoda	1	Insecta	1	Diptera	1	Psychodidae	1	Nyssomyia	1	Nyssomyia_umbratilis	1
GBDP28662-19	Arthropoda	Insecta	Diptera	Psychodidae	Phlebotominae	NA	Sergentomyia	Sergentomyia_squamipleuris	NA	China	NA	NA	NA	NA	631	cellularOrganisms	1	Eukaryota	1	Metazoa	1	Arthropoda	1	Insecta	1	Diptera	1	Psychodidae	1	Sergentomyia	1	Sergentomyia_indica	1
GBDP9131-10	Arthropoda	Insecta	Diptera	Psychodidae	Phlebotominae	NA	Lutzomyia	Lutzomyia_panamensis	NA	Panama	NA	NA	NA	NA	549	cellularOrganisms	1	Eukaryota	1	Metazoa	1	Arthropoda	1	Insecta	1	Diptera	1	Psychodidae	1	Psychodopygus	1	Psychodopygus_panamensis	1
GBDP9153-10	Arthropoda	Insecta	Diptera	Psychodidae	Phlebotominae	NA	Lutzomyia	Lutzomyia_camposi	NA	Panama	NA	NA	NA	NA	549	cellularOrganisms	1	Eukaryota	1	Metazoa	1	Arthropoda	1	Insecta	1	Diptera	1	Psychodidae	1	Pressatia	1	Pressatia_camposi	1
GBMIN14873-13	Arthropoda	Insecta	Diptera	Psychodidae	Phlebotominae	NA	Lutzomyia	Lutzomyia_trapidoi	NA	Ecuador	NA	NA	NA	NA	683	cellularOrganisms	1	Eukaryota	1	Metazoa	1	Arthropoda	1	Insecta	1	Diptera	1	Psychodidae	1	Nyssomyia	1	Nyssomyia_trapidoi	1
GBMIN14887-13	Arthropoda	Insecta	Diptera	Psychodidae	Phlebotominae	NA	Lutzomyia	Lutzomyia_trapidoi	NA	Ecuador	NA	NA	NA	NA	683	cellularOrganisms	1	Eukaryota	1	Metazoa	1	Arthropoda	1	Insecta	1	Diptera	1	Psychodidae	1	Nyssomyia	1	Nyssomyia_trapidoi	1
GBMIN14901-13	Arthropoda	Insecta	Diptera	Psychodidae	Phlebotominae	NA	Lutzomyia	Lutzomyia_trapidoi	NA	Ecuador	NA	NA	NA	NA	683	cellularOrganisms	1	Eukaryota	1	Metazoa	1	Arthropoda	1	Insecta	1	Diptera	1	Psychodidae	1	Nyssomyia	1	Nyssomyia_trapidoi	1
GBMIN23066-13	Arthropoda	Insecta	Diptera	Psychodidae	Phlebotominae	NA	Lutzomyia	Lutzomyia_cayennensis	Lutzomyia_cayennensis_cayennensis	Colombia	NA	NA	NA	NA	681	cellularOrganisms	1	Eukaryota	1	Metazoa	1	Arthropoda	1	Insecta	1	Diptera	1	Psychodidae	1	Micropygomyia	1	Micropygomyia_cayennensis	1
GBPSY261-14	Arthropoda	Insecta	Diptera	Psychodidae	Phlebotominae	NA	Lutzomyia	Lutzomyia_anduzei	NA	NA	NA	NA	NA	NA	660	cellularOrganisms	1	Eukaryota	1	Metazoa	1	Arthropoda	1	Insecta	1	Diptera	1	Psychodidae	1	Nyssomyia	1	Nyssomyia_anduzei	1
GBPSY268-14	Arthropoda	Insecta	Diptera	Psychodidae	Phlebotominae	NA	Lutzomyia	Lutzomyia_anduzei	NA	NA	NA	NA	NA	NA	660	cellularOrganisms	1	Eukaryota	1	Metazoa	1	Arthropoda	1	Insecta	1	Diptera	1	Psychodidae	1	Nyssomyia	1	Nyssomyia_anduzei	1
GBPSY351-14	Arthropoda	Insecta	Diptera	Psychodidae	Phlebotominae	NA	Lutzomyia	Lutzomyia_umbratilis	NA	NA	NA	NA	NA	NA	660	cellularOrganisms	1	Eukaryota	1	Metazoa	1	Arthropoda	1	Insecta	1	Diptera	1	Psychodidae	1	Nyssomyia	1	Nyssomyia_umbratilis	1
GMBZK114-16	Arthropoda	Insecta	Diptera	Psychodidae	Phlebotominae	NA	Lutzomyia	Lutzomyia_anduzei	NA	Brazil	Trail_E	-1.73717	-51.4546	28	589	cellularOrganisms	1	Eukaryota	1	Metazoa	1	Arthropoda	1	Insecta	1	Diptera	1	Psychodidae	1	Nyssomyia	1	Nyssomyia_anduzei	1
MABR070-17	Arthropoda	Insecta	Diptera	Psychodidae	Phlebotominae	NA	Lutzomyia	Lutzomyia_longipalpis	NA	Brazil	NA	NA	NA	NA	543	cellularOrganisms	1	Eukaryota	1	Metazoa	1	Arthropoda	1	Insecta	1	Diptera	1	Psychodidae	1	Lutzomyia	1	Lutzomyia_alencari	1
GBMIN14896-13	Arthropoda	Insecta	Diptera	Psychodidae	Phlebotominae	NA	Lutzomyia	Lutzomyia_trapidoi	NA	Ecuador	NA	NA	NA	NA	683	cellularOrganisms	1	Eukaryota	1	Metazoa	1	Arthropoda	1	Insecta	1	Diptera	1	Psychodidae	1	Nyssomyia	1	Nyssomyia_trapidoi	1
GBMIN23061-13	Arthropoda	Insecta	Diptera	Psychodidae	Phlebotominae	NA	Lutzomyia	Lutzomyia_abonnenci	NA	Colombia	NA	NA	NA	NA	681	cellularOrganisms	1	Eukaryota	1	Metazoa	1	Arthropoda	1	Insecta	1	Diptera	1	Psychodidae	1	Psathyromyia	1	Psathyromyia_abonnenci	1
GBMIN59818-17	Arthropoda	Insecta	Diptera	Psychodidae	Phlebotominae	NA	Phlebotomus	Phlebotomus_sp._UNK.F.1-3	NA	Ethiopia	NA	NA	NA	NA	588	cellularOrganisms	1	Eukaryota	1	Metazoa	1	Arthropoda	1	Insecta	1	Diptera	1	Psychodidae	1	Phlebotomus	1	Phlebotomus_papatasi	1
GBMIN59902-17	Arthropoda	Insecta	Diptera	Psychodidae	Phlebotominae	NA	Sergentomyia	Sergentomyia_sp._SERG.UNK.F.1-5	NA	Ethiopia	NA	NA	NA	NA	639	cellularOrganisms	1	Eukaryota	1	Metazoa	1	Arthropoda	1	Insecta	1	Diptera	1	Psychodidae	1	Sergentomyia	1	Sergentomyia_clydei	1
GBPSY094-14	Arthropoda	Insecta	Diptera	Psychodidae	Phlebotominae	NA	Lutzomyia	Lutzomyia_aragaoi	NA	Colombia	NA	6.3717	-77.3695	NA	696	cellularOrganisms	1	Eukaryota	1	Metazoa	1	Arthropoda	1	Insecta	1	Diptera	1	Psychodidae	1	Psathyromyia	1	Psathyromyia_aragaoi	1
GBPSY104-14	Arthropoda	Insecta	Diptera	Psychodidae	Phlebotominae	NA	Lutzomyia	Lutzomyia_reburra	NA	Colombia	NA	6.3717	-77.3695	NA	696	cellularOrganisms	1	Eukaryota	1	Metazoa	1	Arthropoda	1	Insecta	1	Diptera	1	Psychodidae	1	Trichophoromyia	1	Trichophoromyia_reburra	1
GBPSY281-14	Arthropoda	Insecta	Diptera	Psychodidae	Phlebotominae	NA	Lutzomyia	Lutzomyia_anduzei	NA	NA	NA	NA	NA	NA	660	cellularOrganisms	1	Eukaryota	1	Metazoa	1	Arthropoda	1	Insecta	1	Diptera	1	Psychodidae	1	Nyssomyia	1	Nyssomyia_anduzei	1
GBPSY282-14	Arthropoda	Insecta	Diptera	Psychodidae	Phlebotominae	NA	Lutzomyia	Lutzomyia_anduzei	NA	NA	NA	NA	NA	NA	660	cellularOrganisms	1	Eukaryota	1	Metazoa	1	Arthropoda	1	Insecta	1	Diptera	1	Psychodidae	1	Nyssomyia	1	Nyssomyia_anduzei	1
GBPSY307-14	Arthropoda	Insecta	Diptera	Psychodidae	Phlebotominae	NA	Lutzomyia	Lutzomyia_longipalpis	NA	NA	NA	NA	NA	NA	546	cellularOrganisms	1	Eukaryota	1	Metazoa	1	Arthropoda	1	Insecta	1	Diptera	1	Psychodidae	1	Sergentomyia	1	Sergentomyia_montana	1
VTGEN071-12	Arthropoda	Insecta	Diptera	Psychodidae	Phlebotominae	NA	Lutzomyia	Lutzomyia_shannoni	NA	United_States	Pine_forest_nr._Beaver_pond	33.37	-81.41	NA	658	cellularOrganisms	1	Eukaryota	1	Metazoa	1	Arthropoda	1	Insecta	1	Diptera	1	Psychodidae	1	Psathyromyia	1	Psathyromyia_shannoni	1
DFSFS084-11	Arthropoda	Insecta	Diptera	Psychodidae	Phlebotominae	NA	Lutzomyia	Lutzomyia_shannoni	NA	United_States	NA	35.1642	-79.2633	NA	658	cellularOrganisms	1	Eukaryota	1	Metazoa	1	Arthropoda	1	Insecta	1	Diptera	1	Psychodidae	1	Psathyromyia	1	Psathyromyia_shannoni	1
GBDP18524-15	Arthropoda	Insecta	Diptera	Psychodidae	Phlebotominae	NA	Lutzomyia	Lutzomyia_battistinii	NA	Peru	NA	NA	NA	NA	661	cellularOrganisms	1	Eukaryota	1	Metazoa	1	Arthropoda	1	Insecta	1	Diptera	1	Psychodidae	1	Lutzomyia	1	Lutzomyia_battistini	1
GBMIN14890-13	Arthropoda	Insecta	Diptera	Psychodidae	Phlebotominae	NA	Lutzomyia	Lutzomyia_trapidoi	NA	Ecuador	NA	NA	NA	NA	683	cellularOrganisms	1	Eukaryota	1	Metazoa	1	Arthropoda	1	Insecta	1	Diptera	1	Psychodidae	1	Nyssomyia	1	Nyssomyia_trapidoi	1
GBPSY019-14	Arthropoda	Insecta	Diptera	Psychodidae	Phlebotominae	NA	Lutzomyia	Lutzomyia_carpenteri	NA	Colombia	NA	5.3333	-74.9333	NA	696	cellularOrganisms	1	Eukaryota	1	Metazoa	1	Arthropoda	1	Insecta	1	Diptera	1	Psychodidae	1	Psathyromyia	1	Psathyromyia_carpenteri	1
GBPSY290-14	Arthropoda	Insecta	Diptera	Psychodidae	Phlebotominae	NA	Lutzomyia	Lutzomyia_antunesi	NA	NA	NA	NA	NA	NA	546	cellularOrganisms	1	Eukaryota	1	Metazoa	1	Arthropoda	1	Insecta	1	Diptera	1	Psychodidae	1	Nyssomyia	1	Nyssomyia_antunesi	1
GMCCA533-17	Arthropoda	Insecta	Diptera	Psychodidae	Phlebotominae	NA	Lutzomyia	Lutzomyia_edentula	NA	Costa_Rica	Derrumbe	10.9292	-85.4643	1220	591	cellularOrganisms	1	Eukaryota	1	Metazoa	1	Arthropoda	1	Insecta	1	Diptera	1	Psychodidae	1	Nyssomyia	1	Nyssomyia_edentula	1
MABR078-17	Arthropoda	Insecta	Diptera	Psychodidae	Phlebotominae	NA	Lutzomyia	Lutzomyia_longipalpis	NA	Brazil	NA	NA	NA	NA	543	cellularOrganisms	1	Eukaryota	1	Metazoa	1	Arthropoda	1	Insecta	1	Diptera	1	Psychodidae	1	Lutzomyia	1	Lutzomyia_alencari	1
DFSFS073-11	Arthropoda	Insecta	Diptera	Psychodidae	Phlebotominae	NA	Lutzomyia	Lutzomyia_shannoni	NA	United_States	NA	31.3928	-85.965	NA	658	cellularOrganisms	1	Eukaryota	1	Metazoa	1	Arthropoda	1	Insecta	1	Diptera	1	Psychodidae	1	Psathyromyia	1	Psathyromyia_shannoni	1
GBDP8087-09	Arthropoda	Insecta	Diptera	Psychodidae	Phlebotominae	NA	Phlebotomus	Phlebotomus_sp._JD-2008	NA	Thailand	NA	NA	NA	NA	687	cellularOrganisms	1	Eukaryota	1	Metazoa	1	Arthropoda	1	Insecta	1	Diptera	1	Psychodidae	1	Phlebotomus	1	Phlebotomus_barguesae	1
GBMIN14877-13	Arthropoda	Insecta	Diptera	Psychodidae	Phlebotominae	NA	Lutzomyia	Lutzomyia_trapidoi	NA	Ecuador	NA	NA	NA	NA	683	cellularOrganisms	1	Eukaryota	1	Metazoa	1	Arthropoda	1	Insecta	1	Diptera	1	Psychodidae	1	Nyssomyia	1	Nyssomyia_trapidoi	1
GBMIN23037-13	Arthropoda	Insecta	Diptera	Psychodidae	Phlebotominae	NA	Lutzomyia	Lutzomyia_micropyga	NA	Colombia	NA	NA	NA	NA	681	cellularOrganisms	1	Eukaryota	1	Metazoa	1	Arthropoda	1	Insecta	1	Diptera	1	Psychodidae	1	Micropygomyia	1	Micropygomyia_micropyga	1
GBPSY008-14	Arthropoda	Insecta	Diptera	Psychodidae	Phlebotominae	NA	Lutzomyia	Lutzomyia_carrerai	Lutzomyia_carrerai_thula	Colombia	NA	4.9923	-75.5963	NA	696	cellularOrganisms	1	Eukaryota	1	Metazoa	1	Arthropoda	1	Insecta	1	Diptera	1	Psychodidae	1	Psychodopygus	1	Psychodopygus_thula	1
GBPSY340-14	Arthropoda	Insecta	Diptera	Psychodidae	Phlebotominae	NA	Lutzomyia	Lutzomyia_umbratilis	NA	NA	NA	NA	NA	NA	660	cellularOrganisms	1	Eukaryota	1	Metazoa	1	Arthropoda	1	Insecta	1	Diptera	1	Psychodidae	1	Nyssomyia	1	Nyssomyia_umbratilis	1
GBPSY346-14	Arthropoda	Insecta	Diptera	Psychodidae	Phlebotominae	NA	Lutzomyia	Lutzomyia_umbratilis	NA	NA	NA	NA	NA	NA	660	cellularOrganisms	1	Eukaryota	1	Metazoa	1	Arthropoda	1	Insecta	1	Diptera	1	Psychodidae	1	Nyssomyia	1	Nyssomyia_umbratilis	1
MABR030-17	Arthropoda	Insecta	Diptera	Psychodidae	Phlebotominae	NA	Evandromyia	Evandromyia_evandroi	NA	Brazil	NA	NA	NA	NA	543	cellularOrganisms	1	Eukaryota	1	Metazoa	1	Arthropoda	1	Insecta	1	Diptera	1	Psychodidae	1	Evandromyia	1	Evandromyia_lenti	1
GBDP28625-19	Arthropoda	Insecta	Diptera	Psychodidae	Phlebotominae	NA	Sergentomyia	Sergentomyia_cincta	NA	Cameroon	NA	NA	NA	NA	549	cellularOrganisms	1	Eukaryota	1	Metazoa	1	Arthropoda	1	Insecta	1	Diptera	1	Psychodidae	1	Sergentomyia	1	Sergentomyia_antennata	1
GBDP8086-09	Arthropoda	Insecta	Diptera	Psychodidae	Phlebotominae	NA	Phlebotomus	Phlebotomus_sp._JD-2008	NA	Thailand	NA	NA	NA	NA	687	cellularOrganisms	1	Eukaryota	1	Metazoa	1	Arthropoda	1	Insecta	1	Diptera	1	Psychodidae	1	Phlebotomus	1	Phlebotomus_barguesae	1
GBDP9132-10	Arthropoda	Insecta	Diptera	Psychodidae	Phlebotominae	NA	Lutzomyia	Lutzomyia_panamensis	NA	Panama	NA	NA	NA	NA	549	cellularOrganisms	1	Eukaryota	1	Metazoa	1	Arthropoda	1	Insecta	1	Diptera	1	Psychodidae	1	Psychodopygus	1	Psychodopygus_panamensis	1
GBPSY103-14	Arthropoda	Insecta	Diptera	Psychodidae	Phlebotominae	NA	Lutzomyia	Lutzomyia_reburra	NA	Colombia	NA	6.3717	-77.3695	NA	696	cellularOrganisms	1	Eukaryota	1	Metazoa	1	Arthropoda	1	Insecta	1	Diptera	1	Psychodidae	1	Trichophoromyia	1	Trichophoromyia_reburra	1
GBPSY264-14	Arthropoda	Insecta	Diptera	Psychodidae	Phlebotominae	NA	Lutzomyia	Lutzomyia_anduzei	NA	NA	NA	NA	NA	NA	660	cellularOrganisms	1	Eukaryota	1	Metazoa	1	Arthropoda	1	Insecta	1	Diptera	1	Psychodidae	1	Nyssomyia	1	Nyssomyia_anduzei	1
DFSFS067-11	Arthropoda	Insecta	Diptera	Psychodidae	Phlebotominae	NA	Lutzomyia	Lutzomyia_shannoni	NA	United_States	NA	29.4439	-83.1483	NA	658	cellularOrganisms	1	Eukaryota	1	Metazoa	1	Arthropoda	1	Insecta	1	Diptera	1	Psychodidae	1	Psathyromyia	1	Psathyromyia_shannoni	1
GBDP23815-19	Arthropoda	Insecta	Diptera	Psychodidae	Phlebotominae	NA	Phlebotomus	Phlebotomus_sp._UNK.F.1-2	NA	Ethiopia	NA	NA	NA	NA	658	cellularOrganisms	1	Eukaryota	1	Metazoa	1	Arthropoda	1	Insecta	1	Diptera	1	Psychodidae	1	Phlebotomus	1	Phlebotomus_papatasi	1
GBDP25606-19	Arthropoda	Insecta	Diptera	Psychodidae	Phlebotominae	NA	Sergentomyia	Sergentomyia_minuta	NA	India	NA	33.31	75.76	NA	549	cellularOrganisms	1	Eukaryota	1	Metazoa	1	Arthropoda	1	Insecta	1	Diptera	1	Psychodidae	1	Phlebotomus	1	Phlebotomus_papatasi	1
GBMIN14889-13	Arthropoda	Insecta	Diptera	Psychodidae	Phlebotominae	NA	Lutzomyia	Lutzomyia_trapidoi	NA	Ecuador	NA	NA	NA	NA	683	cellularOrganisms	1	Eukaryota	1	Metazoa	1	Arthropoda	1	Insecta	1	Diptera	1	Psychodidae	1	Nyssomyia	1	Nyssomyia_trapidoi	1
GBMIN23031-13	Arthropoda	Insecta	Diptera	Psychodidae	Phlebotominae	NA	Lutzomyia	Lutzomyia_atroclavata	NA	Colombia	NA	NA	NA	NA	681	cellularOrganisms	1	Eukaryota	1	Metazoa	1	Arthropoda	1	Insecta	1	Diptera	1	Psychodidae	1	Micropygomyia	1	Micropygomyia_atroclavata	1
GBMIN23048-13	Arthropoda	Insecta	Diptera	Psychodidae	Phlebotominae	NA	Lutzomyia	Lutzomyia_carpenteri	NA	Colombia	NA	NA	NA	NA	681	cellularOrganisms	1	Eukaryota	1	Metazoa	1	Arthropoda	1	Insecta	1	Diptera	1	Psychodidae	1	Psathyromyia	1	Psathyromyia_carpenteri	1
GBMIN23049-13	Arthropoda	Insecta	Diptera	Psychodidae	Phlebotominae	NA	Lutzomyia	Lutzomyia_migonei	NA	Colombia	NA	NA	NA	NA	681	cellularOrganisms	1	Eukaryota	1	Metazoa	1	Arthropoda	1	Insecta	1	Diptera	1	Psychodidae	1	Migonemyia	1	Migonemyia_migonei	1
GBMIN25059-13	Arthropoda	Insecta	Diptera	Psychodidae	Phlebotominae	NA	Lutzomyia	Lutzomyia_anduzei	NA	NA	NA	NA	NA	NA	1181	cellularOrganisms	1	Eukaryota	1	Metazoa	1	Arthropoda	1	Insecta	1	Diptera	1	Psychodidae	1	Nyssomyia	1	Nyssomyia_anduzei	1
GBPSY026-14	Arthropoda	Insecta	Diptera	Psychodidae	Phlebotominae	NA	Lutzomyia	Lutzomyia_sordellii	NA	Colombia	NA	5.3333	-74.9333	NA	696	cellularOrganisms	1	Eukaryota	1	Metazoa	1	Arthropoda	1	Insecta	1	Diptera	1	Psychodidae	1	Sciopemyia	1	Sciopemyia_sordellii	1
GBPSY275-14	Arthropoda	Insecta	Diptera	Psychodidae	Phlebotominae	NA	Lutzomyia	Lutzomyia_anduzei	NA	NA	NA	NA	NA	NA	660	cellularOrganisms	1	Eukaryota	1	Metazoa	1	Arthropoda	1	Insecta	1	Diptera	1	Psychodidae	1	Nyssomyia	1	Nyssomyia_anduzei	1
GBPSY277-14	Arthropoda	Insecta	Diptera	Psychodidae	Phlebotominae	NA	Lutzomyia	Lutzomyia_anduzei	NA	NA	NA	NA	NA	NA	660	cellularOrganisms	1	Eukaryota	1	Metazoa	1	Arthropoda	1	Insecta	1	Diptera	1	Psychodidae	1	Nyssomyia	1	Nyssomyia_anduzei	1
GMBZD401-16	Arthropoda	Insecta	Diptera	Psychodidae	Phlebotominae	NA	Lutzomyia	Lutzomyia_anduzei	NA	Brazil	Trail_E	-1.73717	-51.4546	28	591	cellularOrganisms	1	Eukaryota	1	Metazoa	1	Arthropoda	1	Insecta	1	Diptera	1	Psychodidae	1	Nyssomyia	1	Nyssomyia_anduzei	1
GMCCA167-17	Arthropoda	Insecta	Diptera	Psychodidae	Phlebotominae	NA	Lutzomyia	Lutzomyia_edentula	NA	Costa_Rica	Derrumbe	10.9292	-85.4643	1220	579	cellularOrganisms	1	Eukaryota	1	Metazoa	1	Arthropoda	1	Insecta	1	Diptera	1	Psychodidae	1	Nyssomyia	1	Nyssomyia_edentula	1
DFSFS046-11	Arthropoda	Insecta	Diptera	Psychodidae	Phlebotominae	NA	Lutzomyia	Lutzomyia_shannoni	NA	Mexico	NA	NA	NA	NA	658	cellularOrganisms	1	Eukaryota	1	Metazoa	1	Arthropoda	1	Insecta	1	Diptera	1	Psychodidae	1	Psathyromyia	1	Psathyromyia_shannoni	1
GBDP8083-09	Arthropoda	Insecta	Diptera	Psychodidae	Phlebotominae	NA	Phlebotomus	Phlebotomus_sp._JD-2008	NA	Thailand	NA	NA	NA	NA	687	cellularOrganisms	1	Eukaryota	1	Metazoa	1	Arthropoda	1	Insecta	1	Diptera	1	Psychodidae	1	Phlebotomus	1	Phlebotomus_barguesae	1
GBMIN14894-13	Arthropoda	Insecta	Diptera	Psychodidae	Phlebotominae	NA	Lutzomyia	Lutzomyia_trapidoi	NA	Ecuador	NA	NA	NA	NA	683	cellularOrganisms	1	Eukaryota	1	Metazoa	1	Arthropoda	1	Insecta	1	Diptera	1	Psychodidae	1	Nyssomyia	1	Nyssomyia_trapidoi	1
GBMIN23081-13	Arthropoda	Insecta	Diptera	Psychodidae	Phlebotominae	NA	Lutzomyia	Lutzomyia_carpenteri	NA	Colombia	NA	NA	NA	NA	681	cellularOrganisms	1	Eukaryota	1	Metazoa	1	Arthropoda	1	Insecta	1	Diptera	1	Psychodidae	1	Psathyromyia	1	Psathyromyia_carpenteri	1
GBPSY011-14	Arthropoda	Insecta	Diptera	Psychodidae	Phlebotominae	NA	Lutzomyia	Lutzomyia_carrerai	Lutzomyia_carrerai_thula	Colombia	NA	4.9923	-75.5963	NA	696	cellularOrganisms	1	Eukaryota	1	Metazoa	1	Arthropoda	1	Insecta	1	Diptera	1	Psychodidae	1	Psychodopygus	1	Psychodopygus_thula	1
GBPSY029-14	Arthropoda	Insecta	Diptera	Psychodidae	Phlebotominae	NA	Lutzomyia	Lutzomyia_trapidoi	NA	Colombia	NA	5.3333	-74.9333	NA	696	cellularOrganisms	1	Eukaryota	1	Metazoa	1	Arthropoda	1	Insecta	1	Diptera	1	Psychodidae	1	Nyssomyia	1	Nyssomyia_trapidoi	1
GBPSY055-14	Arthropoda	Insecta	Diptera	Psychodidae	Phlebotominae	NA	Lutzomyia	Lutzomyia_nuneztovari	NA	Colombia	NA	5.3763	-75.4897	NA	696	cellularOrganisms	1	Eukaryota	1	Metazoa	1	Arthropoda	1	Insecta	1	Diptera	1	Psychodidae	1	Lutzomyia	1	Lutzomyia_nunez-tovari	1
GBPSY280-14	Arthropoda	Insecta	Diptera	Psychodidae	Phlebotominae	NA	Lutzomyia	Lutzomyia_anduzei	NA	NA	NA	NA	NA	NA	660	cellularOrganisms	1	Eukaryota	1	Metazoa	1	Arthropoda	1	Insecta	1	Diptera	1	Psychodidae	1	Nyssomyia	1	Nyssomyia_anduzei	1
GBPSY308-14	Arthropoda	Insecta	Diptera	Psychodidae	Phlebotominae	NA	Lutzomyia	Lutzomyia_longipalpis	NA	NA	NA	NA	NA	NA	546	cellularOrganisms	1	Eukaryota	1	Metazoa	1	Arthropoda	1	Insecta	1	Diptera	1	Psychodidae	1	Sergentomyia	1	Sergentomyia_montana	1
DFSFS054-11	Arthropoda	Insecta	Diptera	Psychodidae	Phlebotominae	NA	Lutzomyia	Lutzomyia_shannoni	NA	United_States	NA	30.5683	-91.17	NA	658	cellularOrganisms	1	Eukaryota	1	Metazoa	1	Arthropoda	1	Insecta	1	Diptera	1	Psychodidae	1	Psathyromyia	1	Psathyromyia_shannoni	1
GBDP21685-19	Arthropoda	Insecta	Diptera	Psychodidae	Phlebotominae	NA	Lutzomyia	Lutzomyia_longipalpis	NA	NA	NA	NA	NA	NA	711	cellularOrganisms	1	Eukaryota	1	Metazoa	1	Arthropoda	1	Insecta	1	Diptera	1	Psychodidae	1	Lutzomyia	1	Lutzomyia_alencari	1
GBMIN23070-13	Arthropoda	Insecta	Diptera	Psychodidae	Phlebotominae	NA	Lutzomyia	Lutzomyia_shannoni	NA	Colombia	NA	NA	NA	NA	681	cellularOrganisms	1	Eukaryota	1	Metazoa	1	Arthropoda	1	Insecta	1	Diptera	1	Psychodidae	1	Psathyromyia	1	Psathyromyia_shannoni	1
GBPSY034-14	Arthropoda	Insecta	Diptera	Psychodidae	Phlebotominae	NA	Lutzomyia	Lutzomyia_triramula	NA	Colombia	NA	5.3333	-74.9333	NA	696	cellularOrganisms	1	Eukaryota	1	Metazoa	1	Arthropoda	1	Insecta	1	Diptera	1	Psychodidae	1	Trichopygomyia	1	Trichopygomyia_triramula	1
GBPSY325-14	Arthropoda	Insecta	Diptera	Psychodidae	Phlebotominae	NA	Lutzomyia	Lutzomyia_umbratilis	NA	NA	NA	NA	NA	NA	660	cellularOrganisms	1	Eukaryota	1	Metazoa	1	Arthropoda	1	Insecta	1	Diptera	1	Psychodidae	1	Nyssomyia	1	Nyssomyia_umbratilis	1
GBDP23853-19	Arthropoda	Insecta	Diptera	Psychodidae	Phlebotominae	NA	Sergentomyia	Sergentomyia_sp._SERG.UNK.F.1-1	NA	Ethiopia	NA	NA	NA	NA	658	cellularOrganisms	1	Eukaryota	1	Metazoa	1	Arthropoda	1	Insecta	1	Diptera	1	Psychodidae	1	Sergentomyia	1	Sergentomyia_clydei	1
GBDP9139-10	Arthropoda	Insecta	Diptera	Psychodidae	Phlebotominae	NA	Lutzomyia	Lutzomyia_olmeca	NA	Panama	NA	NA	NA	NA	549	cellularOrganisms	1	Eukaryota	1	Metazoa	1	Arthropoda	1	Insecta	1	Diptera	1	Psychodidae	1	Bichromomyia	1	Bichromomyia_olmeca	1
GBMIN23062-13	Arthropoda	Insecta	Diptera	Psychodidae	Phlebotominae	NA	Lutzomyia	Lutzomyia_venezuelensis	NA	Colombia	NA	NA	NA	NA	681	cellularOrganisms	1	Eukaryota	1	Metazoa	1	Arthropoda	1	Insecta	1	Diptera	1	Psychodidae	1	Micropygomyia	1	Micropygomyia_venezuelensis	1
GBPSY043-14	Arthropoda	Insecta	Diptera	Psychodidae	Phlebotominae	NA	Lutzomyia	Lutzomyia_yuilli	Lutzomyia_yuilli_yuilli	Colombia	NA	5.3333	-74.9333	NA	696	cellularOrganisms	1	Eukaryota	1	Metazoa	1	Arthropoda	1	Insecta	1	Diptera	1	Psychodidae	1	Nyssomyia	1	Nyssomyia_yuilli	1
GBPSY296-14	Arthropoda	Insecta	Diptera	Psychodidae	Phlebotominae	NA	Lutzomyia	Lutzomyia_edentula	NA	NA	NA	NA	NA	NA	546	cellularOrganisms	1	Eukaryota	1	Metazoa	1	Arthropoda	1	Insecta	1	Diptera	1	Psychodidae	1	Nyssomyia	1	Nyssomyia_edentula	1
GBPSY348-14	Arthropoda	Insecta	Diptera	Psychodidae	Phlebotominae	NA	Lutzomyia	Lutzomyia_umbratilis	NA	NA	NA	NA	NA	NA	660	cellularOrganisms	1	Eukaryota	1	Metazoa	1	Arthropoda	1	Insecta	1	Diptera	1	Psychodidae	1	Nyssomyia	1	Nyssomyia_umbratilis	1
DFSFS069-11	Arthropoda	Insecta	Diptera	Psychodidae	Phlebotominae	NA	Lutzomyia	Lutzomyia_shannoni	NA	United_States	NA	29.4439	-83.1483	NA	658	cellularOrganisms	1	Eukaryota	1	Metazoa	1	Arthropoda	1	Insecta	1	Diptera	1	Psychodidae	1	Psathyromyia	1	Psathyromyia_shannoni	1
DFSFS076-11	Arthropoda	Insecta	Diptera	Psychodidae	Phlebotominae	NA	Lutzomyia	Lutzomyia_shannoni	NA	United_States	NA	36.6681	-87.7706	NA	658	cellularOrganisms	1	Eukaryota	1	Metazoa	1	Arthropoda	1	Insecta	1	Diptera	1	Psychodidae	1	Psathyromyia	1	Psathyromyia_shannoni	1
GBDP18599-15	Arthropoda	Insecta	Diptera	Psychodidae	Phlebotominae	NA	Lutzomyia	Lutzomyia_nuneztovari	NA	Peru	NA	NA	NA	NA	660	cellularOrganisms	1	Eukaryota	1	Metazoa	1	Arthropoda	1	Insecta	1	Diptera	1	Psychodidae	1	Lutzomyia	1	Lutzomyia_nunez-tovari	1
GBDP9121-10	Arthropoda	Insecta	Diptera	Psychodidae	Phlebotominae	NA	Lutzomyia	Lutzomyia_trapidoi	NA	Panama	NA	NA	NA	NA	549	cellularOrganisms	1	Eukaryota	1	Metazoa	1	Arthropoda	1	Insecta	1	Diptera	1	Psychodidae	1	Nyssomyia	1	Nyssomyia_trapidoi	1
GBDP9126-10	Arthropoda	Insecta	Diptera	Psychodidae	Phlebotominae	NA	Lutzomyia	Lutzomyia_runoides	NA	Panama	NA	NA	NA	NA	549	cellularOrganisms	1	Eukaryota	1	Metazoa	1	Arthropoda	1	Insecta	1	Diptera	1	Psychodidae	1	Psathyromyia	1	Psathyromyia_runoides	1
AAASF051-18	Arthropoda	Insecta	Diptera	Psychodidae	Phlebotominae	NA	Brumptomyia	Brumptomyia_mesai	NA	Mexico	NA	18.5345	-88.3353	22	579	cellularOrganisms	1	Eukaryota	1	Metazoa	1	Arthropoda	1	Insecta	1	Diptera	1	Psychodidae	1	Brumptomyia	1	Brumptomyia_hamata	1
GBDP18598-15	Arthropoda	Insecta	Diptera	Psychodidae	Phlebotominae	NA	Lutzomyia	Lutzomyia_nuneztovari	NA	Peru	NA	NA	NA	NA	660	cellularOrganisms	1	Eukaryota	1	Metazoa	1	Arthropoda	1	Insecta	1	Diptera	1	Psychodidae	1	Lutzomyia	1	Lutzomyia_nunez-tovari	1
GBMIN14886-13	Arthropoda	Insecta	Diptera	Psychodidae	Phlebotominae	NA	Lutzomyia	Lutzomyia_trapidoi	NA	Ecuador	NA	NA	NA	NA	683	cellularOrganisms	1	Eukaryota	1	Metazoa	1	Arthropoda	1	Insecta	1	Diptera	1	Psychodidae	1	Nyssomyia	1	Nyssomyia_trapidoi	1
GBMIN59843-17	Arthropoda	Insecta	Diptera	Psychodidae	Phlebotominae	NA	Sergentomyia	Sergentomyia_bailyi	NA	NA	NA	NA	NA	NA	507	cellularOrganisms	1	Eukaryota	1	Metazoa	1	Chordata	1	undef_Chordata	1	Squamata	1	Gekkonidae	1	Hemidactylus	1	Hemidactylus_frenatus	1
GMCCB1102-17	Arthropoda	Insecta	Diptera	Psychodidae	Phlebotominae	NA	Lutzomyia	Lutzomyia_edentula	NA	Costa_Rica	Derrumbe	10.9292	-85.4643	1220	588	cellularOrganisms	1	Eukaryota	1	Metazoa	1	Arthropoda	1	Insecta	1	Diptera	1	Psychodidae	1	Nyssomyia	1	Nyssomyia_edentula	1
MABR083-17	Arthropoda	Insecta	Diptera	Psychodidae	Phlebotominae	NA	Lutzomyia	Lutzomyia_longipalpis	NA	Brazil	NA	NA	NA	NA	543	cellularOrganisms	1	Eukaryota	1	Metazoa	1	Arthropoda	1	Insecta	1	Diptera	1	Psychodidae	1	Lutzomyia	1	Lutzomyia_alencari	1
GBDP9154-10	Arthropoda	Insecta	Diptera	Psychodidae	Phlebotominae	NA	Lutzomyia	Lutzomyia_camposi	NA	Panama	NA	NA	NA	NA	549	cellularOrganisms	1	Eukaryota	1	Metazoa	1	Arthropoda	1	Insecta	1	Diptera	1	Psychodidae	1	Pressatia	1	Pressatia_camposi	1
GBMIN14869-13	Arthropoda	Insecta	Diptera	Psychodidae	Phlebotominae	NA	Lutzomyia	Lutzomyia_trapidoi	NA	Ecuador	NA	NA	NA	NA	683	cellularOrganisms	1	Eukaryota	1	Metazoa	1	Arthropoda	1	Insecta	1	Diptera	1	Psychodidae	1	Nyssomyia	1	Nyssomyia_trapidoi	1
GBMIN14874-13	Arthropoda	Insecta	Diptera	Psychodidae	Phlebotominae	NA	Lutzomyia	Lutzomyia_trapidoi	NA	Ecuador	NA	NA	NA	NA	683	cellularOrganisms	1	Eukaryota	1	Metazoa	1	Arthropoda	1	Insecta	1	Diptera	1	Psychodidae	1	Nyssomyia	1	Nyssomyia_trapidoi	1
GBPSY283-14	Arthropoda	Insecta	Diptera	Psychodidae	Phlebotominae	NA	Lutzomyia	Lutzomyia_anduzei	NA	NA	NA	NA	NA	NA	660	cellularOrganisms	1	Eukaryota	1	Metazoa	1	Arthropoda	1	Insecta	1	Diptera	1	Psychodidae	1	Nyssomyia	1	Nyssomyia_anduzei	1
GBPSY289-14	Arthropoda	Insecta	Diptera	Psychodidae	Phlebotominae	NA	Lutzomyia	Lutzomyia_anduzei	NA	NA	NA	NA	NA	NA	660	cellularOrganisms	1	Eukaryota	1	Metazoa	1	Arthropoda	1	Insecta	1	Diptera	1	Psychodidae	1	Nyssomyia	1	Nyssomyia_anduzei	1
GBDP18531-15	Arthropoda	Insecta	Diptera	Psychodidae	Phlebotominae	NA	Lutzomyia	Lutzomyia_battistinii	NA	Peru	NA	NA	NA	NA	661	cellularOrganisms	1	Eukaryota	1	Metazoa	1	Arthropoda	1	Insecta	1	Diptera	1	Psychodidae	1	Lutzomyia	1	Lutzomyia_battistini	1
GBMIN14865-13	Arthropoda	Insecta	Diptera	Psychodidae	Phlebotominae	NA	Lutzomyia	Lutzomyia_trapidoi	NA	Ecuador	NA	NA	NA	NA	683	cellularOrganisms	1	Eukaryota	1	Metazoa	1	Arthropoda	1	Insecta	1	Diptera	1	Psychodidae	1	Nyssomyia	1	Nyssomyia_trapidoi	1
GBMIN14888-13	Arthropoda	Insecta	Diptera	Psychodidae	Phlebotominae	NA	Lutzomyia	Lutzomyia_trapidoi	NA	Ecuador	NA	NA	NA	NA	683	cellularOrganisms	1	Eukaryota	1	Metazoa	1	Arthropoda	1	Insecta	1	Diptera	1	Psychodidae	1	Nyssomyia	1	Nyssomyia_trapidoi	1
GBMIN14897-13	Arthropoda	Insecta	Diptera	Psychodidae	Phlebotominae	NA	Lutzomyia	Lutzomyia_trapidoi	NA	Ecuador	NA	NA	NA	NA	683	cellularOrganisms	1	Eukaryota	1	Metazoa	1	Arthropoda	1	Insecta	1	Diptera	1	Psychodidae	1	Nyssomyia	1	Nyssomyia_trapidoi	1
GBMIN23035-13	Arthropoda	Insecta	Diptera	Psychodidae	Phlebotominae	NA	Lutzomyia	Lutzomyia_shannoni	NA	Colombia	NA	NA	NA	NA	681	cellularOrganisms	1	Eukaryota	1	Metazoa	1	Arthropoda	1	Insecta	1	Diptera	1	Psychodidae	1	Psathyromyia	1	Psathyromyia_shannoni	1
GBMIN59819-17	Arthropoda	Insecta	Diptera	Psychodidae	Phlebotominae	NA	Phlebotomus	Phlebotomus_sp._UNK.M.1-1	NA	Ethiopia	NA	NA	NA	NA	658	cellularOrganisms	1	Eukaryota	1	Metazoa	1	Arthropoda	1	Insecta	1	Diptera	1	Psychodidae	1	Phlebotomus	1	Phlebotomus_papatasi	1
GBPSY305-14	Arthropoda	Insecta	Diptera	Psychodidae	Phlebotominae	NA	Lutzomyia	Lutzomyia_longipalpis	NA	NA	NA	NA	NA	NA	546	cellularOrganisms	1	Eukaryota	1	Metazoa	1	Arthropoda	1	Insecta	1	Diptera	1	Psychodidae	1	Sergentomyia	1	Sergentomyia_montana	1
DFSFS066-11	Arthropoda	Insecta	Diptera	Psychodidae	Phlebotominae	NA	Lutzomyia	Lutzomyia_shannoni	NA	United_States	NA	29.4439	-83.1483	NA	658	cellularOrganisms	1	Eukaryota	1	Metazoa	1	Arthropoda	1	Insecta	1	Diptera	1	Psychodidae	1	Psathyromyia	1	Psathyromyia_shannoni	1
DFSFS085-11	Arthropoda	Insecta	Diptera	Psychodidae	Phlebotominae	NA	Lutzomyia	Lutzomyia_shannoni	NA	United_States	NA	35.1642	-79.2633	NA	658	cellularOrganisms	1	Eukaryota	1	Metazoa	1	Arthropoda	1	Insecta	1	Diptera	1	Psychodidae	1	Psathyromyia	1	Psathyromyia_shannoni	1
GBDP18951-15	Arthropoda	Insecta	Diptera	Psychodidae	Phlebotominae	NA	Psathyromyia	Psathyromyia_aragaoi	NA	Ecuador	NA	NA	NA	NA	633	cellularOrganisms	1	Eukaryota	1	Metazoa	1	Arthropoda	1	Insecta	1	Diptera	1	Psychodidae	1	Trichopygomyia	1	Trichopygomyia_triramula	1
GBDP9130-10	Arthropoda	Insecta	Diptera	Psychodidae	Phlebotominae	NA	Lutzomyia	Lutzomyia_panamensis	NA	Panama	NA	NA	NA	NA	549	cellularOrganisms	1	Eukaryota	1	Metazoa	1	Arthropoda	1	Insecta	1	Diptera	1	Psychodidae	1	Psychodopygus	1	Psychodopygus_panamensis	1
GBDP9152-10	Arthropoda	Insecta	Diptera	Psychodidae	Phlebotominae	NA	Lutzomyia	Lutzomyia_camposi	NA	Panama	NA	NA	NA	NA	549	cellularOrganisms	1	Eukaryota	1	Metazoa	1	Arthropoda	1	Insecta	1	Diptera	1	Psychodidae	1	Pressatia	1	Pressatia_camposi	1
GBMIN23033-13	Arthropoda	Insecta	Diptera	Psychodidae	Phlebotominae	NA	Lutzomyia	Lutzomyia_cayennensis	Lutzomyia_cayennensis_cayennensis	Colombia	NA	NA	NA	NA	681	cellularOrganisms	1	Eukaryota	1	Metazoa	1	Arthropoda	1	Insecta	1	Diptera	1	Psychodidae	1	Micropygomyia	1	Micropygomyia_cayennensis	1
GBPSY042-14	Arthropoda	Insecta	Diptera	Psychodidae	Phlebotominae	NA	Lutzomyia	Lutzomyia_yuilli	Lutzomyia_yuilli_yuilli	Colombia	NA	5.3333	-74.9333	NA	696	cellularOrganisms	1	Eukaryota	1	Metazoa	1	Arthropoda	1	Insecta	1	Diptera	1	Psychodidae	1	Nyssomyia	1	Nyssomyia_yuilli	1
GBPSY097-14	Arthropoda	Insecta	Diptera	Psychodidae	Phlebotominae	NA	Lutzomyia	Lutzomyia_barrettoi	Lutzomyia_barrettoi_majuscula	Colombia	NA	6.3717	-77.3695	NA	696	cellularOrganisms	1	Eukaryota	1	Metazoa	1	Arthropoda	1	Insecta	1	Diptera	1	Psychodidae	1	Psathyromyia	1	Psathyromyia_barrettoi	1
GBPSY257-14	Arthropoda	Insecta	Diptera	Psychodidae	Phlebotominae	NA	Lutzomyia	Lutzomyia_anduzei	NA	NA	NA	NA	NA	NA	660	cellularOrganisms	1	Eukaryota	1	Metazoa	1	Arthropoda	1	Insecta	1	Diptera	1	Psychodidae	1	Nyssomyia	1	Nyssomyia_anduzei	1
DFSFS064-11	Arthropoda	Insecta	Diptera	Psychodidae	Phlebotominae	NA	Lutzomyia	Lutzomyia_shannoni	NA	United_States	NA	NA	NA	NA	658	cellularOrganisms	1	Eukaryota	1	Metazoa	1	Arthropoda	1	Insecta	1	Diptera	1	Psychodidae	1	Psathyromyia	1	Psathyromyia_shannoni	1
GBDP9118-10	Arthropoda	Insecta	Diptera	Psychodidae	Phlebotominae	NA	Lutzomyia	Lutzomyia_trapidoi	NA	Panama	NA	NA	NA	NA	549	cellularOrganisms	1	Eukaryota	1	Metazoa	1	Arthropoda	1	Insecta	1	Diptera	1	Psychodidae	1	Nyssomyia	1	Nyssomyia_trapidoi	1
GBDP9148-10	Arthropoda	Insecta	Diptera	Psychodidae	Phlebotominae	NA	Lutzomyia	Lutzomyia_dysponeta	NA	Panama	NA	NA	NA	NA	549	cellularOrganisms	1	Eukaryota	1	Metazoa	1	Arthropoda	1	Insecta	1	Diptera	1	Psychodidae	1	Pressatia	1	Pressatia_dysponeta	1
GBDP9151-10	Arthropoda	Insecta	Diptera	Psychodidae	Phlebotominae	NA	Lutzomyia	Lutzomyia_carpenteri	NA	Panama	NA	NA	NA	NA	549	cellularOrganisms	1	Eukaryota	1	Metazoa	1	Arthropoda	1	Insecta	1	Diptera	1	Psychodidae	1	Psathyromyia	1	Psathyromyia_carpenteri	1
GBMIN23050-13	Arthropoda	Insecta	Diptera	Psychodidae	Phlebotominae	NA	Brumptomyia	Brumptomyia_sp._EEB-2010	NA	Colombia	NA	NA	NA	NA	681	cellularOrganisms	1	Eukaryota	1	Metazoa	1	Arthropoda	1	Insecta	1	Diptera	1	Psychodidae	1	Brumptomyia	1	Brumptomyia_guimaraesi	1
GBPSY038-14	Arthropoda	Insecta	Diptera	Psychodidae	Phlebotominae	NA	Lutzomyia	Lutzomyia_triramula	NA	Colombia	NA	5.3333	-74.9333	NA	696	cellularOrganisms	1	Eukaryota	1	Metazoa	1	Arthropoda	1	Insecta	1	Diptera	1	Psychodidae	1	Trichopygomyia	1	Trichopygomyia_triramula	1
GBPSY260-14	Arthropoda	Insecta	Diptera	Psychodidae	Phlebotominae	NA	Lutzomyia	Lutzomyia_anduzei	NA	NA	NA	NA	NA	NA	660	cellularOrganisms	1	Eukaryota	1	Metazoa	1	Arthropoda	1	Insecta	1	Diptera	1	Psychodidae	1	Nyssomyia	1	Nyssomyia_anduzei	1
GBPSY287-14	Arthropoda	Insecta	Diptera	Psychodidae	Phlebotominae	NA	Lutzomyia	Lutzomyia_anduzei	NA	NA	NA	NA	NA	NA	660	cellularOrganisms	1	Eukaryota	1	Metazoa	1	Arthropoda	1	Insecta	1	Diptera	1	Psychodidae	1	Nyssomyia	1	Nyssomyia_anduzei	1
GMCDX706-17	Arthropoda	Insecta	Diptera	Psychodidae	Phlebotominae	NA	Lutzomyia	Lutzomyia_edentula	NA	Costa_Rica	Derrumbe	10.9292	-85.4643	1220	588	cellularOrganisms	1	Eukaryota	1	Metazoa	1	Arthropoda	1	Insecta	1	Diptera	1	Psychodidae	1	Nyssomyia	1	Nyssomyia_edentula	1
DFSFS047-11	Arthropoda	Insecta	Diptera	Psychodidae	Phlebotominae	NA	Lutzomyia	Lutzomyia_shannoni	NA	Mexico	NA	NA	NA	NA	658	cellularOrganisms	1	Eukaryota	1	Metazoa	1	Arthropoda	1	Insecta	1	Diptera	1	Psychodidae	1	Psathyromyia	1	Psathyromyia_shannoni	1
DFSFS070-11	Arthropoda	Insecta	Diptera	Psychodidae	Phlebotominae	NA	Lutzomyia	Lutzomyia_shannoni	NA	United_States	NA	29.4439	-83.1483	NA	658	cellularOrganisms	1	Eukaryota	1	Metazoa	1	Arthropoda	1	Insecta	1	Diptera	1	Psychodidae	1	Psathyromyia	1	Psathyromyia_shannoni	1
GBDP9156-10	Arthropoda	Insecta	Diptera	Psychodidae	Phlebotominae	NA	Lutzomyia	Lutzomyia_aclydifera	NA	Panama	NA	NA	NA	NA	549	cellularOrganisms	1	Eukaryota	1	Metazoa	1	Arthropoda	1	Insecta	1	Diptera	1	Psychodidae	1	Psathyromyia	1	Psathyromyia_aclydifera	1
GBMIN23068-13	Arthropoda	Insecta	Diptera	Psychodidae	Phlebotominae	NA	Lutzomyia	Lutzomyia_shannoni	NA	Colombia	NA	NA	NA	NA	681	cellularOrganisms	1	Eukaryota	1	Metazoa	1	Arthropoda	1	Insecta	1	Diptera	1	Psychodidae	1	Psathyromyia	1	Psathyromyia_shannoni	1
GBMIN23069-13	Arthropoda	Insecta	Diptera	Psychodidae	Phlebotominae	NA	Lutzomyia	Lutzomyia_shannoni	NA	Colombia	NA	NA	NA	NA	681	cellularOrganisms	1	Eukaryota	1	Metazoa	1	Arthropoda	1	Insecta	1	Diptera	1	Psychodidae	1	Psathyromyia	1	Psathyromyia_shannoni	1
GBPSY009-14	Arthropoda	Insecta	Diptera	Psychodidae	Phlebotominae	NA	Lutzomyia	Lutzomyia_carrerai	Lutzomyia_carrerai_thula	Colombia	NA	4.9923	-75.5963	NA	696	cellularOrganisms	1	Eukaryota	1	Metazoa	1	Arthropoda	1	Insecta	1	Diptera	1	Psychodidae	1	Psychodopygus	1	Psychodopygus_thula	1
GBPSY010-14	Arthropoda	Insecta	Diptera	Psychodidae	Phlebotominae	NA	Lutzomyia	Lutzomyia_carrerai	Lutzomyia_carrerai_thula	Colombia	NA	4.9923	-75.5963	NA	696	cellularOrganisms	1	Eukaryota	1	Metazoa	1	Arthropoda	1	Insecta	1	Diptera	1	Psychodidae	1	Psychodopygus	1	Psychodopygus_thula	1
GBPSY312-14	Arthropoda	Insecta	Diptera	Psychodidae	Phlebotominae	NA	Lutzomyia	Lutzomyia_spinicrasa	NA	NA	NA	NA	NA	NA	546	cellularOrganisms	1	Eukaryota	1	Metazoa	1	Arthropoda	1	Insecta	1	Diptera	1	Psychodidae	1	Lutzomyia	1	Lutzomyia_spinicrassa	1
JSTH043-16	Arthropoda	Insecta	Diptera	Psychodidae	Phlebotominae	NA	Phlebotomus	Phlebotomus_stantoni	NA	Thailand	Yaiphatung_cave	18.921	100.193	NA	605	cellularOrganisms	1	Eukaryota	1	Metazoa	1	Arthropoda	1	Insecta	1	Diptera	1	Psychodidae	1	Phlebotomus	1	Phlebotomus_mascomai	1
MABR068-17	Arthropoda	Insecta	Diptera	Psychodidae	Phlebotominae	NA	Lutzomyia	Lutzomyia_longipalpis	NA	Brazil	NA	NA	NA	NA	543	cellularOrganisms	1	Eukaryota	1	Metazoa	1	Arthropoda	1	Insecta	1	Diptera	1	Psychodidae	1	Lutzomyia	1	Lutzomyia_cruzi	1
DFSFS071-11	Arthropoda	Insecta	Diptera	Psychodidae	Phlebotominae	NA	Lutzomyia	Lutzomyia_shannoni	NA	United_States	NA	31.3928	-85.965	NA	658	cellularOrganisms	1	Eukaryota	1	Metazoa	1	Arthropoda	1	Insecta	1	Diptera	1	Psychodidae	1	Psathyromyia	1	Psathyromyia_shannoni	1
GBMIN23034-13	Arthropoda	Insecta	Diptera	Psychodidae	Phlebotominae	NA	Lutzomyia	Lutzomyia_cayennensis	Lutzomyia_cayennensis_cayennensis	Colombia	NA	NA	NA	NA	681	cellularOrganisms	1	Eukaryota	1	Metazoa	1	Arthropoda	1	Insecta	1	Diptera	1	Psychodidae	1	Micropygomyia	1	Micropygomyia_cayennensis	1
GBPSY014-14	Arthropoda	Insecta	Diptera	Psychodidae	Phlebotominae	NA	Lutzomyia	Lutzomyia_aragaoi	NA	Colombia	NA	5.3333	-74.9333	NA	696	cellularOrganisms	1	Eukaryota	1	Metazoa	1	Arthropoda	1	Insecta	1	Diptera	1	Psychodidae	1	Psathyromyia	1	Psathyromyia_aragaoi	1
GBPSY036-14	Arthropoda	Insecta	Diptera	Psychodidae	Phlebotominae	NA	Lutzomyia	Lutzomyia_triramula	NA	Colombia	NA	5.3333	-74.9333	NA	696	cellularOrganisms	1	Eukaryota	1	Metazoa	1	Arthropoda	1	Insecta	1	Diptera	1	Psychodidae	1	Trichopygomyia	1	Trichopygomyia_triramula	1
GBPSY255-14	Arthropoda	Insecta	Diptera	Psychodidae	Phlebotominae	NA	Lutzomyia	Lutzomyia_anduzei	NA	NA	NA	NA	NA	NA	660	cellularOrganisms	1	Eukaryota	1	Metazoa	1	Arthropoda	1	Insecta	1	Diptera	1	Psychodidae	1	Nyssomyia	1	Nyssomyia_anduzei	1
GBPSY285-14	Arthropoda	Insecta	Diptera	Psychodidae	Phlebotominae	NA	Lutzomyia	Lutzomyia_anduzei	NA	NA	NA	NA	NA	NA	660	cellularOrganisms	1	Eukaryota	1	Metazoa	1	Arthropoda	1	Insecta	1	Diptera	1	Psychodidae	1	Nyssomyia	1	Nyssomyia_anduzei	1
GBPSY310-14	Arthropoda	Insecta	Diptera	Psychodidae	Phlebotominae	NA	Lutzomyia	Lutzomyia_spinicrasa	NA	NA	NA	NA	NA	NA	546	cellularOrganisms	1	Eukaryota	1	Metazoa	1	Arthropoda	1	Insecta	1	Diptera	1	Psychodidae	1	Lutzomyia	1	Lutzomyia_spinicrassa	1
GBPSY314-14	Arthropoda	Insecta	Diptera	Psychodidae	Phlebotominae	NA	Lutzomyia	Lutzomyia_trapidoi	NA	NA	NA	NA	NA	NA	546	cellularOrganisms	1	Eukaryota	1	Metazoa	1	Arthropoda	1	Insecta	1	Diptera	1	Psychodidae	1	Nyssomyia	1	Nyssomyia_trapidoi	1
GBPSY336-14	Arthropoda	Insecta	Diptera	Psychodidae	Phlebotominae	NA	Lutzomyia	Lutzomyia_umbratilis	NA	NA	NA	NA	NA	NA	660	cellularOrganisms	1	Eukaryota	1	Metazoa	1	Arthropoda	1	Insecta	1	Diptera	1	Psychodidae	1	Nyssomyia	1	Nyssomyia_umbratilis	1
GMACK641-15	Arthropoda	Insecta	Diptera	Psychodidae	Phlebotominae	NA	Lutzomyia	Lutzomyia_trapidoi	NA	Costa_Rica	Estacion_San_Gerardo	10.8801	-85.3889	575	567	cellularOrganisms	1	Eukaryota	1	Metazoa	1	Arthropoda	1	Insecta	1	Diptera	1	Psychodidae	1	Nyssomyia	1	Nyssomyia_trapidoi	1
GBDP18528-15	Arthropoda	Insecta	Diptera	Psychodidae	Phlebotominae	NA	Lutzomyia	Lutzomyia_battistinii	NA	Peru	NA	NA	NA	NA	661	cellularOrganisms	1	Eukaryota	1	Metazoa	1	Arthropoda	1	Insecta	1	Diptera	1	Psychodidae	1	Lutzomyia	1	Lutzomyia_battistini	1
GBDP23914-19	Arthropoda	Insecta	Diptera	Psychodidae	Phlebotominae	NA	Sergentomyia	Sergentomyia_sp._SERG.UNK.F.1-4	NA	Ethiopia	NA	NA	NA	NA	658	cellularOrganisms	1	Eukaryota	1	Metazoa	1	Arthropoda	1	Insecta	1	Diptera	1	Psychodidae	1	Sergentomyia	1	Sergentomyia_clydei	1
GBDP28626-19	Arthropoda	Insecta	Diptera	Psychodidae	Phlebotominae	NA	Sergentomyia	Sergentomyia_cincta	NA	Cameroon	NA	NA	NA	NA	549	cellularOrganisms	1	Eukaryota	1	Metazoa	1	Arthropoda	1	Insecta	1	Diptera	1	Psychodidae	1	Sergentomyia	1	Sergentomyia_antennata	1
GBDP8088-09	Arthropoda	Insecta	Diptera	Psychodidae	Phlebotominae	NA	Phlebotomus	Phlebotomus_sp._JD-2008	NA	Thailand	NA	NA	NA	NA	687	cellularOrganisms	1	Eukaryota	1	Metazoa	1	Arthropoda	1	Insecta	1	Diptera	1	Psychodidae	1	Phlebotomus	1	Phlebotomus_barguesae	1
GBDP9155-10	Arthropoda	Insecta	Diptera	Psychodidae	Phlebotominae	NA	Lutzomyia	Lutzomyia_aclydifera	NA	Panama	NA	NA	NA	NA	549	cellularOrganisms	1	Eukaryota	1	Metazoa	1	Arthropoda	1	Insecta	1	Diptera	1	Psychodidae	1	Psathyromyia	1	Psathyromyia_aclydifera	1
GBMIN23027-13	Arthropoda	Insecta	Diptera	Psychodidae	Phlebotominae	NA	Lutzomyia	Lutzomyia_abonnenci	NA	Colombia	NA	NA	NA	NA	681	cellularOrganisms	1	Eukaryota	1	Metazoa	1	Arthropoda	1	Insecta	1	Diptera	1	Psychodidae	1	Psathyromyia	1	Psathyromyia_abonnenci	1
GBPSY294-14	Arthropoda	Insecta	Diptera	Psychodidae	Phlebotominae	NA	Lutzomyia	Lutzomyia_cayennensis	NA	NA	NA	NA	NA	NA	546	cellularOrganisms	1	Eukaryota	1	Metazoa	1	Arthropoda	1	Insecta	1	Diptera	1	Psychodidae	1	Micropygomyia	1	Micropygomyia_cayennensis	1
GBPSY313-14	Arthropoda	Insecta	Diptera	Psychodidae	Phlebotominae	NA	Lutzomyia	Lutzomyia_spinicrasa	NA	NA	NA	NA	NA	NA	546	cellularOrganisms	1	Eukaryota	1	Metazoa	1	Arthropoda	1	Insecta	1	Diptera	1	Psychodidae	1	Lutzomyia	1	Lutzomyia_spinicrassa	1
DFSFS051-11	Arthropoda	Insecta	Diptera	Psychodidae	Phlebotominae	NA	Lutzomyia	Lutzomyia_shannoni	NA	United_States	NA	30.5683	-91.17	NA	658	cellularOrganisms	1	Eukaryota	1	Metazoa	1	Arthropoda	1	Insecta	1	Diptera	1	Psychodidae	1	Psathyromyia	1	Psathyromyia_shannoni	1
DFSFS062-11	Arthropoda	Insecta	Diptera	Psychodidae	Phlebotominae	NA	Lutzomyia	Lutzomyia_shannoni	NA	United_States	NA	NA	NA	NA	658	cellularOrganisms	1	Eukaryota	1	Metazoa	1	Arthropoda	1	Insecta	1	Diptera	1	Psychodidae	1	Psathyromyia	1	Psathyromyia_shannoni	1
GBDP18597-15	Arthropoda	Insecta	Diptera	Psychodidae	Phlebotominae	NA	Lutzomyia	Lutzomyia_nuneztovari	NA	Peru	NA	NA	NA	NA	660	cellularOrganisms	1	Eukaryota	1	Metazoa	1	Arthropoda	1	Insecta	1	Diptera	1	Psychodidae	1	Lutzomyia	1	Lutzomyia_nunez-tovari	1
GBMIN23063-13	Arthropoda	Insecta	Diptera	Psychodidae	Phlebotominae	NA	Lutzomyia	Lutzomyia_atroclavata	NA	Colombia	NA	NA	NA	NA	681	cellularOrganisms	1	Eukaryota	1	Metazoa	1	Arthropoda	1	Insecta	1	Diptera	1	Psychodidae	1	Micropygomyia	1	Micropygomyia_atroclavata	1
GBPSY039-14	Arthropoda	Insecta	Diptera	Psychodidae	Phlebotominae	NA	Lutzomyia	Lutzomyia_triramula	NA	Colombia	NA	5.3333	-74.9333	NA	696	cellularOrganisms	1	Eukaryota	1	Metazoa	1	Arthropoda	1	Insecta	1	Diptera	1	Psychodidae	1	Trichopygomyia	1	Trichopygomyia_triramula	1
GBPSY049-14	Arthropoda	Insecta	Diptera	Psychodidae	Phlebotominae	NA	Lutzomyia	Lutzomyia_yuilli	Lutzomyia_yuilli_yuilli	Colombia	NA	5.3333	-74.9333	NA	696	cellularOrganisms	1	Eukaryota	1	Metazoa	1	Arthropoda	1	Insecta	1	Diptera	1	Psychodidae	1	Nyssomyia	1	Nyssomyia_yuilli	1
GBPSY291-14	Arthropoda	Insecta	Diptera	Psychodidae	Phlebotominae	NA	Lutzomyia	Lutzomyia_antunesi	NA	NA	NA	NA	NA	NA	546	cellularOrganisms	1	Eukaryota	1	Metazoa	1	Arthropoda	1	Insecta	1	Diptera	1	Psychodidae	1	Nyssomyia	1	Nyssomyia_antunesi	1
DFSFS049-11	Arthropoda	Insecta	Diptera	Psychodidae	Phlebotominae	NA	Lutzomyia	Lutzomyia_shannoni	NA	Mexico	NA	NA	NA	NA	658	cellularOrganisms	1	Eukaryota	1	Metazoa	1	Arthropoda	1	Insecta	1	Diptera	1	Psychodidae	1	Psathyromyia	1	Psathyromyia_shannoni	1
GBMIN25063-13	Arthropoda	Insecta	Diptera	Psychodidae	Phlebotominae	NA	Lutzomyia	Lutzomyia_anduzei	NA	NA	NA	NA	NA	NA	1181	cellularOrganisms	1	Eukaryota	1	Metazoa	1	Arthropoda	1	Insecta	1	Diptera	1	Psychodidae	1	Nyssomyia	1	Nyssomyia_anduzei	1
GBPSY258-14	Arthropoda	Insecta	Diptera	Psychodidae	Phlebotominae	NA	Lutzomyia	Lutzomyia_anduzei	NA	NA	NA	NA	NA	NA	660	cellularOrganisms	1	Eukaryota	1	Metazoa	1	Arthropoda	1	Insecta	1	Diptera	1	Psychodidae	1	Nyssomyia	1	Nyssomyia_anduzei	1
GBPSY270-14	Arthropoda	Insecta	Diptera	Psychodidae	Phlebotominae	NA	Lutzomyia	Lutzomyia_anduzei	NA	NA	NA	NA	NA	NA	660	cellularOrganisms	1	Eukaryota	1	Metazoa	1	Arthropoda	1	Insecta	1	Diptera	1	Psychodidae	1	Nyssomyia	1	Nyssomyia_anduzei	1
GBPSY279-14	Arthropoda	Insecta	Diptera	Psychodidae	Phlebotominae	NA	Lutzomyia	Lutzomyia_anduzei	NA	NA	NA	NA	NA	NA	660	cellularOrganisms	1	Eukaryota	1	Metazoa	1	Arthropoda	1	Insecta	1	Diptera	1	Psychodidae	1	Nyssomyia	1	Nyssomyia_anduzei	1
DFSFS072-11	Arthropoda	Insecta	Diptera	Psychodidae	Phlebotominae	NA	Lutzomyia	Lutzomyia_shannoni	NA	United_States	NA	31.3928	-85.965	NA	658	cellularOrganisms	1	Eukaryota	1	Metazoa	1	Arthropoda	1	Insecta	1	Diptera	1	Psychodidae	1	Psathyromyia	1	Psathyromyia_shannoni	1
GBDP8085-09	Arthropoda	Insecta	Diptera	Psychodidae	Phlebotominae	NA	Phlebotomus	Phlebotomus_sp._JD-2008	NA	Thailand	NA	NA	NA	NA	687	cellularOrganisms	1	Eukaryota	1	Metazoa	1	Arthropoda	1	Insecta	1	Diptera	1	Psychodidae	1	Phlebotomus	1	Phlebotomus_barguesae	1
GBDP9122-10	Arthropoda	Insecta	Diptera	Psychodidae	Phlebotominae	NA	Lutzomyia	Lutzomyia_trapidoi	NA	Panama	NA	NA	NA	NA	549	cellularOrganisms	1	Eukaryota	1	Metazoa	1	Arthropoda	1	Insecta	1	Diptera	1	Psychodidae	1	Nyssomyia	1	Nyssomyia_trapidoi	1
GBDP9147-10	Arthropoda	Insecta	Diptera	Psychodidae	Phlebotominae	NA	Lutzomyia	Lutzomyia_dysponeta	NA	Panama	NA	NA	NA	NA	549	cellularOrganisms	1	Eukaryota	1	Metazoa	1	Arthropoda	1	Insecta	1	Diptera	1	Psychodidae	1	Pressatia	1	Pressatia_dysponeta	1
GBMIN14891-13	Arthropoda	Insecta	Diptera	Psychodidae	Phlebotominae	NA	Lutzomyia	Lutzomyia_trapidoi	NA	Ecuador	NA	NA	NA	NA	683	cellularOrganisms	1	Eukaryota	1	Metazoa	1	Arthropoda	1	Insecta	1	Diptera	1	Psychodidae	1	Nyssomyia	1	Nyssomyia_trapidoi	1
GBPSY267-14	Arthropoda	Insecta	Diptera	Psychodidae	Phlebotominae	NA	Lutzomyia	Lutzomyia_anduzei	NA	NA	NA	NA	NA	NA	660	cellularOrganisms	1	Eukaryota	1	Metazoa	1	Arthropoda	1	Insecta	1	Diptera	1	Psychodidae	1	Nyssomyia	1	Nyssomyia_anduzei	1
GBPSY271-14	Arthropoda	Insecta	Diptera	Psychodidae	Phlebotominae	NA	Lutzomyia	Lutzomyia_anduzei	NA	NA	NA	NA	NA	NA	660	cellularOrganisms	1	Eukaryota	1	Metazoa	1	Arthropoda	1	Insecta	1	Diptera	1	Psychodidae	1	Nyssomyia	1	Nyssomyia_anduzei	1
VTGEN076-12	Arthropoda	Insecta	Diptera	Psychodidae	Phlebotominae	NA	Lutzomyia	Lutzomyia_shannoni	NA	United_States	Pine_forest_nr._Beaver_pond	33.37	-81.41	NA	658	cellularOrganisms	1	Eukaryota	1	Metazoa	1	Arthropoda	1	Insecta	1	Diptera	1	Psychodidae	1	Psathyromyia	1	Psathyromyia_shannoni	1
GBDP25607-19	Arthropoda	Insecta	Diptera	Psychodidae	Phlebotominae	NA	Sergentomyia	Sergentomyia_clydei	NA	India	NA	33.31	75.76	NA	664	cellularOrganisms	1	Eukaryota	1	Metazoa	1	Arthropoda	1	Insecta	1	Diptera	1	Psychodidae	1	Phlebotomus	1	Phlebotomus_alexandri	1
GBMIN59901-17	Arthropoda	Insecta	Diptera	Psychodidae	Phlebotominae	NA	Sergentomyia	Sergentomyia_sp._SERG.UNK.F.1-3	NA	Ethiopia	NA	NA	NA	NA	633	cellularOrganisms	1	Eukaryota	1	Metazoa	1	Arthropoda	1	Insecta	1	Diptera	1	Psychodidae	1	Sergentomyia	1	Sergentomyia_clydei	1
GBPSY027-14	Arthropoda	Insecta	Diptera	Psychodidae	Phlebotominae	NA	Lutzomyia	Lutzomyia_sordellii	NA	Colombia	NA	5.3333	-74.9333	NA	696	cellularOrganisms	1	Eukaryota	1	Metazoa	1	Arthropoda	1	Insecta	1	Diptera	1	Psychodidae	1	Sciopemyia	1	Sciopemyia_sordellii	1
GBPSY035-14	Arthropoda	Insecta	Diptera	Psychodidae	Phlebotominae	NA	Lutzomyia	Lutzomyia_triramula	NA	Colombia	NA	5.3333	-74.9333	NA	696	cellularOrganisms	1	Eukaryota	1	Metazoa	1	Arthropoda	1	Insecta	1	Diptera	1	Psychodidae	1	Trichopygomyia	1	Trichopygomyia_triramula	1
GBPSY096-14	Arthropoda	Insecta	Diptera	Psychodidae	Phlebotominae	NA	Lutzomyia	Lutzomyia_barrettoi	Lutzomyia_barrettoi_majuscula	Colombia	NA	6.3717	-77.3695	NA	696	cellularOrganisms	1	Eukaryota	1	Metazoa	1	Arthropoda	1	Insecta	1	Diptera	1	Psychodidae	1	Psathyromyia	1	Psathyromyia_barrettoi	1
GBPSY345-14	Arthropoda	Insecta	Diptera	Psychodidae	Phlebotominae	NA	Lutzomyia	Lutzomyia_umbratilis	NA	NA	NA	NA	NA	NA	660	cellularOrganisms	1	Eukaryota	1	Metazoa	1	Arthropoda	1	Insecta	1	Diptera	1	Psychodidae	1	Nyssomyia	1	Nyssomyia_umbratilis	1
GMCCB4474-17	Arthropoda	Insecta	Diptera	Psychodidae	Phlebotominae	NA	Lutzomyia	Lutzomyia_edentula	NA	Costa_Rica	Derrumbe	10.9292	-85.4643	1220	591	cellularOrganisms	1	Eukaryota	1	Metazoa	1	Arthropoda	1	Insecta	1	Diptera	1	Psychodidae	1	Nyssomyia	1	Nyssomyia_edentula	1
DFSFS048-11	Arthropoda	Insecta	Diptera	Psychodidae	Phlebotominae	NA	Lutzomyia	Lutzomyia_shannoni	NA	Mexico	NA	NA	NA	NA	658	cellularOrganisms	1	Eukaryota	1	Metazoa	1	Arthropoda	1	Insecta	1	Diptera	1	Psychodidae	1	Psathyromyia	1	Psathyromyia_shannoni	1
DFSFS061-11	Arthropoda	Insecta	Diptera	Psychodidae	Phlebotominae	NA	Lutzomyia	Lutzomyia_shannoni	NA	United_States	NA	NA	NA	NA	658	cellularOrganisms	1	Eukaryota	1	Metazoa	1	Arthropoda	1	Insecta	1	Diptera	1	Psychodidae	1	Psathyromyia	1	Psathyromyia_shannoni	1
GBDP9137-10	Arthropoda	Insecta	Diptera	Psychodidae	Phlebotominae	NA	Lutzomyia	Lutzomyia_olmeca	NA	Panama	NA	NA	NA	NA	549	cellularOrganisms	1	Eukaryota	1	Metazoa	1	Arthropoda	1	Insecta	1	Diptera	1	Psychodidae	1	Bichromomyia	1	Bichromomyia_olmeca	1
GBMIN14864-13	Arthropoda	Insecta	Diptera	Psychodidae	Phlebotominae	NA	Lutzomyia	Lutzomyia_trapidoi	NA	Ecuador	NA	NA	NA	NA	683	cellularOrganisms	1	Eukaryota	1	Metazoa	1	Arthropoda	1	Insecta	1	Diptera	1	Psychodidae	1	Nyssomyia	1	Nyssomyia_trapidoi	1
GBPSY031-14	Arthropoda	Insecta	Diptera	Psychodidae	Phlebotominae	NA	Lutzomyia	Lutzomyia_trapidoi	NA	Colombia	NA	5.3333	-74.9333	NA	696	cellularOrganisms	1	Eukaryota	1	Metazoa	1	Arthropoda	1	Insecta	1	Diptera	1	Psychodidae	1	Nyssomyia	1	Nyssomyia_trapidoi	1
GBPSY032-14	Arthropoda	Insecta	Diptera	Psychodidae	Phlebotominae	NA	Lutzomyia	Lutzomyia_trapidoi	NA	Colombia	NA	5.3333	-74.9333	NA	696	cellularOrganisms	1	Eukaryota	1	Metazoa	1	Arthropoda	1	Insecta	1	Diptera	1	Psychodidae	1	Nyssomyia	1	Nyssomyia_trapidoi	1
GBPSY324-14	Arthropoda	Insecta	Diptera	Psychodidae	Phlebotominae	NA	Lutzomyia	Lutzomyia_umbratilis	NA	NA	NA	NA	NA	NA	660	cellularOrganisms	1	Eukaryota	1	Metazoa	1	Arthropoda	1	Insecta	1	Diptera	1	Psychodidae	1	Nyssomyia	1	Nyssomyia_umbratilis	1
VTGEN074-12	Arthropoda	Insecta	Diptera	Psychodidae	Phlebotominae	NA	Lutzomyia	Lutzomyia_shannoni	NA	United_States	Pine_forest_nr._Beaver_pond	33.37	-81.41	NA	620	cellularOrganisms	1	Eukaryota	1	Metazoa	1	Arthropoda	1	Insecta	1	Diptera	1	Psychodidae	1	Psathyromyia	1	Psathyromyia_shannoni	1
GBDP25602-19	Arthropoda	Insecta	Diptera	Psychodidae	Phlebotominae	NA	Phlebotomus	Phlebotomus_chinensis	NA	India	NA	27.17	78	NA	657	cellularOrganisms	1	Eukaryota	1	Metazoa	1	Arthropoda	1	Insecta	1	Diptera	1	Psychodidae	1	Phlebotomus	1	Phlebotomus_papatasi	1
GBDP9138-10	Arthropoda	Insecta	Diptera	Psychodidae	Phlebotominae	NA	Lutzomyia	Lutzomyia_olmeca	NA	Panama	NA	NA	NA	NA	549	cellularOrganisms	1	Eukaryota	1	Metazoa	1	Arthropoda	1	Insecta	1	Diptera	1	Psychodidae	1	Bichromomyia	1	Bichromomyia_olmeca	1
GBMIN23064-13	Arthropoda	Insecta	Diptera	Psychodidae	Phlebotominae	NA	Lutzomyia	Lutzomyia_atroclavata	NA	Colombia	NA	NA	NA	NA	681	cellularOrganisms	1	Eukaryota	1	Metazoa	1	Arthropoda	1	Insecta	1	Diptera	1	Psychodidae	1	Micropygomyia	1	Micropygomyia_atroclavata	1
GBPSY046-14	Arthropoda	Insecta	Diptera	Psychodidae	Phlebotominae	NA	Lutzomyia	Lutzomyia_yuilli	Lutzomyia_yuilli_yuilli	Colombia	NA	5.3333	-74.9333	NA	696	cellularOrganisms	1	Eukaryota	1	Metazoa	1	Arthropoda	1	Insecta	1	Diptera	1	Psychodidae	1	Nyssomyia	1	Nyssomyia_yuilli	1
GBPSY272-14	Arthropoda	Insecta	Diptera	Psychodidae	Phlebotominae	NA	Lutzomyia	Lutzomyia_anduzei	NA	NA	NA	NA	NA	NA	660	cellularOrganisms	1	Eukaryota	1	Metazoa	1	Arthropoda	1	Insecta	1	Diptera	1	Psychodidae	1	Nyssomyia	1	Nyssomyia_anduzei	1
GBPSY286-14	Arthropoda	Insecta	Diptera	Psychodidae	Phlebotominae	NA	Lutzomyia	Lutzomyia_anduzei	NA	NA	NA	NA	NA	NA	660	cellularOrganisms	1	Eukaryota	1	Metazoa	1	Arthropoda	1	Insecta	1	Diptera	1	Psychodidae	1	Nyssomyia	1	Nyssomyia_anduzei	1
DFSFS052-11	Arthropoda	Insecta	Diptera	Psychodidae	Phlebotominae	NA	Lutzomyia	Lutzomyia_shannoni	NA	United_States	NA	30.5683	-91.17	NA	658	cellularOrganisms	1	Eukaryota	1	Metazoa	1	Arthropoda	1	Insecta	1	Diptera	1	Psychodidae	1	Psathyromyia	1	Psathyromyia_shannoni	1
DFSFS056-11	Arthropoda	Insecta	Diptera	Psychodidae	Phlebotominae	NA	Lutzomyia	Lutzomyia_shannoni	NA	United_States	NA	39.2842	-76.9056	NA	658	cellularOrganisms	1	Eukaryota	1	Metazoa	1	Arthropoda	1	Insecta	1	Diptera	1	Psychodidae	1	Psathyromyia	1	Psathyromyia_shannoni	1
DFSFS079-11	Arthropoda	Insecta	Diptera	Psychodidae	Phlebotominae	NA	Lutzomyia	Lutzomyia_shannoni	NA	United_States	NA	36.6681	-87.7706	NA	658	cellularOrganisms	1	Eukaryota	1	Metazoa	1	Arthropoda	1	Insecta	1	Diptera	1	Psychodidae	1	Psathyromyia	1	Psathyromyia_shannoni	1
GBDP9119-10	Arthropoda	Insecta	Diptera	Psychodidae	Phlebotominae	NA	Lutzomyia	Lutzomyia_trapidoi	NA	Panama	NA	NA	NA	NA	549	cellularOrganisms	1	Eukaryota	1	Metazoa	1	Arthropoda	1	Insecta	1	Diptera	1	Psychodidae	1	Nyssomyia	1	Nyssomyia_trapidoi	1
GBMIN14875-13	Arthropoda	Insecta	Diptera	Psychodidae	Phlebotominae	NA	Lutzomyia	Lutzomyia_trapidoi	NA	Ecuador	NA	NA	NA	NA	683	cellularOrganisms	1	Eukaryota	1	Metazoa	1	Arthropoda	1	Insecta	1	Diptera	1	Psychodidae	1	Nyssomyia	1	Nyssomyia_trapidoi	1
GBPSY045-14	Arthropoda	Insecta	Diptera	Psychodidae	Phlebotominae	NA	Lutzomyia	Lutzomyia_yuilli	Lutzomyia_yuilli_yuilli	Colombia	NA	5.3333	-74.9333	NA	696	cellularOrganisms	1	Eukaryota	1	Metazoa	1	Arthropoda	1	Insecta	1	Diptera	1	Psychodidae	1	Nyssomyia	1	Nyssomyia_yuilli	1
GBPSY095-14	Arthropoda	Insecta	Diptera	Psychodidae	Phlebotominae	NA	Lutzomyia	Lutzomyia_aragaoi	NA	Colombia	NA	6.3717	-77.3695	NA	696	cellularOrganisms	1	Eukaryota	1	Metazoa	1	Arthropoda	1	Insecta	1	Diptera	1	Psychodidae	1	Psathyromyia	1	Psathyromyia_aragaoi	1
GBPSY256-14	Arthropoda	Insecta	Diptera	Psychodidae	Phlebotominae	NA	Lutzomyia	Lutzomyia_anduzei	NA	NA	NA	NA	NA	NA	660	cellularOrganisms	1	Eukaryota	1	Metazoa	1	Arthropoda	1	Insecta	1	Diptera	1	Psychodidae	1	Nyssomyia	1	Nyssomyia_anduzei	1
GBPSY352-14	Arthropoda	Insecta	Diptera	Psychodidae	Phlebotominae	NA	Lutzomyia	Lutzomyia_umbratilis	NA	NA	NA	NA	NA	NA	660	cellularOrganisms	1	Eukaryota	1	Metazoa	1	Arthropoda	1	Insecta	1	Diptera	1	Psychodidae	1	Nyssomyia	1	Nyssomyia_umbratilis	1
GBDP9149-10	Arthropoda	Insecta	Diptera	Psychodidae	Phlebotominae	NA	Lutzomyia	Lutzomyia_carpenteri	NA	Panama	NA	NA	NA	NA	549	cellularOrganisms	1	Eukaryota	1	Metazoa	1	Arthropoda	1	Insecta	1	Diptera	1	Psychodidae	1	Psathyromyia	1	Psathyromyia_carpenteri	1
GBMIN23024-13	Arthropoda	Insecta	Diptera	Psychodidae	Phlebotominae	NA	Lutzomyia	Lutzomyia_olmeca	Lutzomyia_olmeca_bicolor	Colombia	NA	NA	NA	NA	681	cellularOrganisms	1	Eukaryota	1	Metazoa	1	Arthropoda	1	Insecta	1	Diptera	1	Psychodidae	1	Bichromomyia	1	Bichromomyia_olmeca	1
GBPSY269-14	Arthropoda	Insecta	Diptera	Psychodidae	Phlebotominae	NA	Lutzomyia	Lutzomyia_anduzei	NA	NA	NA	NA	NA	NA	660	cellularOrganisms	1	Eukaryota	1	Metazoa	1	Arthropoda	1	Insecta	1	Diptera	1	Psychodidae	1	Nyssomyia	1	Nyssomyia_anduzei	1
GBPSY349-14	Arthropoda	Insecta	Diptera	Psychodidae	Phlebotominae	NA	Lutzomyia	Lutzomyia_umbratilis	NA	NA	NA	NA	NA	NA	660	cellularOrganisms	1	Eukaryota	1	Metazoa	1	Arthropoda	1	Insecta	1	Diptera	1	Psychodidae	1	Nyssomyia	1	Nyssomyia_umbratilis	1
DFSFS077-11	Arthropoda	Insecta	Diptera	Psychodidae	Phlebotominae	NA	Lutzomyia	Lutzomyia_shannoni	NA	United_States	NA	36.6681	-87.7706	NA	658	cellularOrganisms	1	Eukaryota	1	Metazoa	1	Arthropoda	1	Insecta	1	Diptera	1	Psychodidae	1	Psathyromyia	1	Psathyromyia_shannoni	1
GBDP18523-15	Arthropoda	Insecta	Diptera	Psychodidae	Phlebotominae	NA	Lutzomyia	Lutzomyia_battistinii	NA	Peru	NA	NA	NA	NA	661	cellularOrganisms	1	Eukaryota	1	Metazoa	1	Arthropoda	1	Insecta	1	Diptera	1	Psychodidae	1	Lutzomyia	1	Lutzomyia_battistini	1
GBDP18526-15	Arthropoda	Insecta	Diptera	Psychodidae	Phlebotominae	NA	Lutzomyia	Lutzomyia_battistinii	NA	Peru	NA	NA	NA	NA	661	cellularOrganisms	1	Eukaryota	1	Metazoa	1	Arthropoda	1	Insecta	1	Diptera	1	Psychodidae	1	Lutzomyia	1	Lutzomyia_battistini	1
GBDP25484-19	Arthropoda	Insecta	Diptera	Psychodidae	Phlebotominae	NA	Phlebotomus	Phlebotomus_sp._Phl_SoE7s	NA	India	NA	33.77	76.57	NA	549	cellularOrganisms	1	Eukaryota	1	Metazoa	1	Arthropoda	1	Insecta	1	Diptera	1	Psychodidae	1	Nyssomyia	1	Nyssomyia_antunesi	1
GBDP28661-19	Arthropoda	Insecta	Diptera	Psychodidae	Phlebotominae	NA	Sergentomyia	Sergentomyia_squamipleuris	NA	China	NA	NA	NA	NA	631	cellularOrganisms	1	Eukaryota	1	Metazoa	1	Arthropoda	1	Insecta	1	Diptera	1	Psychodidae	1	Sergentomyia	1	Sergentomyia_indica	1
GBDP9117-10	Arthropoda	Insecta	Diptera	Psychodidae	Phlebotominae	NA	Lutzomyia	Lutzomyia_trapidoi	NA	Panama	NA	NA	NA	NA	549	cellularOrganisms	1	Eukaryota	1	Metazoa	1	Arthropoda	1	Insecta	1	Diptera	1	Psychodidae	1	Nyssomyia	1	Nyssomyia_trapidoi	1
GBDP9150-10	Arthropoda	Insecta	Diptera	Psychodidae	Phlebotominae	NA	Lutzomyia	Lutzomyia_carpenteri	NA	Panama	NA	NA	NA	NA	549	cellularOrganisms	1	Eukaryota	1	Metazoa	1	Arthropoda	1	Insecta	1	Diptera	1	Psychodidae	1	Psathyromyia	1	Psathyromyia_carpenteri	1
GBMIN14892-13	Arthropoda	Insecta	Diptera	Psychodidae	Phlebotominae	NA	Lutzomyia	Lutzomyia_trapidoi	NA	Ecuador	NA	NA	NA	NA	683	cellularOrganisms	1	Eukaryota	1	Metazoa	1	Arthropoda	1	Insecta	1	Diptera	1	Psychodidae	1	Nyssomyia	1	Nyssomyia_trapidoi	1
GBMIN23060-13	Arthropoda	Insecta	Diptera	Psychodidae	Phlebotominae	NA	Lutzomyia	Lutzomyia_abonnenci	NA	Colombia	NA	NA	NA	NA	681	cellularOrganisms	1	Eukaryota	1	Metazoa	1	Arthropoda	1	Insecta	1	Diptera	1	Psychodidae	1	Psathyromyia	1	Psathyromyia_abonnenci	1
GBPSY033-14	Arthropoda	Insecta	Diptera	Psychodidae	Phlebotominae	NA	Lutzomyia	Lutzomyia_trapidoi	NA	Colombia	NA	5.3333	-74.9333	NA	696	cellularOrganisms	1	Eukaryota	1	Metazoa	1	Arthropoda	1	Insecta	1	Diptera	1	Psychodidae	1	Nyssomyia	1	Nyssomyia_trapidoi	1
GBPSY037-14	Arthropoda	Insecta	Diptera	Psychodidae	Phlebotominae	NA	Lutzomyia	Lutzomyia_triramula	NA	Colombia	NA	5.3333	-74.9333	NA	696	cellularOrganisms	1	Eukaryota	1	Metazoa	1	Arthropoda	1	Insecta	1	Diptera	1	Psychodidae	1	Trichopygomyia	1	Trichopygomyia_triramula	1
GBPSY259-14	Arthropoda	Insecta	Diptera	Psychodidae	Phlebotominae	NA	Lutzomyia	Lutzomyia_anduzei	NA	NA	NA	NA	NA	NA	660	cellularOrganisms	1	Eukaryota	1	Metazoa	1	Arthropoda	1	Insecta	1	Diptera	1	Psychodidae	1	Nyssomyia	1	Nyssomyia_anduzei	1
GBPSY265-14	Arthropoda	Insecta	Diptera	Psychodidae	Phlebotominae	NA	Lutzomyia	Lutzomyia_anduzei	NA	NA	NA	NA	NA	NA	660	cellularOrganisms	1	Eukaryota	1	Metazoa	1	Arthropoda	1	Insecta	1	Diptera	1	Psychodidae	1	Nyssomyia	1	Nyssomyia_anduzei	1
GBPSY315-14	Arthropoda	Insecta	Diptera	Psychodidae	Phlebotominae	NA	Lutzomyia	Lutzomyia_trapidoi	NA	NA	NA	NA	NA	NA	546	cellularOrganisms	1	Eukaryota	1	Metazoa	1	Arthropoda	1	Insecta	1	Diptera	1	Psychodidae	1	Nyssomyia	1	Nyssomyia_trapidoi	1
GMBZF360-16	Arthropoda	Insecta	Diptera	Psychodidae	Phlebotominae	NA	Lutzomyia	Lutzomyia_anduzei	NA	Brazil	Trail_E	-1.73717	-51.4546	28	588	cellularOrganisms	1	Eukaryota	1	Metazoa	1	Arthropoda	1	Insecta	1	Diptera	1	Psychodidae	1	Nyssomyia	1	Nyssomyia_anduzei	1
DFSFS060-11	Arthropoda	Insecta	Diptera	Psychodidae	Phlebotominae	NA	Lutzomyia	Lutzomyia_shannoni	NA	United_States	NA	39.2842	-76.9056	NA	658	cellularOrganisms	1	Eukaryota	1	Metazoa	1	Arthropoda	1	Insecta	1	Diptera	1	Psychodidae	1	Psathyromyia	1	Psathyromyia_shannoni	1
GBDP18527-15	Arthropoda	Insecta	Diptera	Psychodidae	Phlebotominae	NA	Lutzomyia	Lutzomyia_battistinii	NA	Peru	NA	NA	NA	NA	661	cellularOrganisms	1	Eukaryota	1	Metazoa	1	Arthropoda	1	Insecta	1	Diptera	1	Psychodidae	1	Lutzomyia	1	Lutzomyia_battistini	1
GBMIN14871-13	Arthropoda	Insecta	Diptera	Psychodidae	Phlebotominae	NA	Lutzomyia	Lutzomyia_trapidoi	NA	Ecuador	NA	NA	NA	NA	683	cellularOrganisms	1	Eukaryota	1	Metazoa	1	Arthropoda	1	Insecta	1	Diptera	1	Psychodidae	1	Nyssomyia	1	Nyssomyia_trapidoi	1
GBMIN23029-13	Arthropoda	Insecta	Diptera	Psychodidae	Phlebotominae	NA	Lutzomyia	Lutzomyia_atroclavata	NA	Colombia	NA	NA	NA	NA	681	cellularOrganisms	1	Eukaryota	1	Metazoa	1	Arthropoda	1	Insecta	1	Diptera	1	Psychodidae	1	Micropygomyia	1	Micropygomyia_atroclavata	1
GBMIN23030-13	Arthropoda	Insecta	Diptera	Psychodidae	Phlebotominae	NA	Lutzomyia	Lutzomyia_atroclavata	NA	Colombia	NA	NA	NA	NA	681	cellularOrganisms	1	Eukaryota	1	Metazoa	1	Arthropoda	1	Insecta	1	Diptera	1	Psychodidae	1	Micropygomyia	1	Micropygomyia_atroclavata	1
GBMIN23032-13	Arthropoda	Insecta	Diptera	Psychodidae	Phlebotominae	NA	Lutzomyia	Lutzomyia_cayennensis	Lutzomyia_cayennensis_cayennensis	Colombia	NA	NA	NA	NA	681	cellularOrganisms	1	Eukaryota	1	Metazoa	1	Arthropoda	1	Insecta	1	Diptera	1	Psychodidae	1	Micropygomyia	1	Micropygomyia_cayennensis	1
GBPSY262-14	Arthropoda	Insecta	Diptera	Psychodidae	Phlebotominae	NA	Lutzomyia	Lutzomyia_anduzei	NA	NA	NA	NA	NA	NA	660	cellularOrganisms	1	Eukaryota	1	Metazoa	1	Arthropoda	1	Insecta	1	Diptera	1	Psychodidae	1	Nyssomyia	1	Nyssomyia_anduzei	1
GBPSY342-14	Arthropoda	Insecta	Diptera	Psychodidae	Phlebotominae	NA	Lutzomyia	Lutzomyia_umbratilis	NA	NA	NA	NA	NA	NA	660	cellularOrganisms	1	Eukaryota	1	Metazoa	1	Arthropoda	1	Insecta	1	Diptera	1	Psychodidae	1	Nyssomyia	1	Nyssomyia_umbratilis	1
MABR071-17	Arthropoda	Insecta	Diptera	Psychodidae	Phlebotominae	NA	Lutzomyia	Lutzomyia_longipalpis	NA	Brazil	NA	NA	NA	NA	543	cellularOrganisms	1	Eukaryota	1	Metazoa	1	Arthropoda	1	Insecta	1	Diptera	1	Psychodidae	1	Lutzomyia	1	Lutzomyia_alencari	1
MABR082-17	Arthropoda	Insecta	Diptera	Psychodidae	Phlebotominae	NA	Lutzomyia	Lutzomyia_longipalpis	NA	Brazil	NA	NA	NA	NA	543	cellularOrganisms	1	Eukaryota	1	Metazoa	1	Arthropoda	1	Insecta	1	Diptera	1	Psychodidae	1	Lutzomyia	1	Lutzomyia_alencari	1
GBDP18525-15	Arthropoda	Insecta	Diptera	Psychodidae	Phlebotominae	NA	Lutzomyia	Lutzomyia_battistinii	NA	Peru	NA	NA	NA	NA	661	cellularOrganisms	1	Eukaryota	1	Metazoa	1	Arthropoda	1	Insecta	1	Diptera	1	Psychodidae	1	Lutzomyia	1	Lutzomyia_battistini	1
GBDP23209-19	Arthropoda	Insecta	Diptera	Psychodidae	Phlebotominae	NA	Sergentomyia	Sergentomyia_dentata	NA	NA	NA	NA	NA	NA	548	cellularOrganisms	1	Eukaryota	1	Metazoa	1	Arthropoda	1	Insecta	1	Diptera	1	Psychodidae	1	Sergentomyia	1	Sergentomyia_minuta	1
GBDP9113-10	Arthropoda	Insecta	Diptera	Psychodidae	Phlebotominae	NA	Lutzomyia	Lutzomyia_triramula	NA	Panama	NA	NA	NA	NA	549	cellularOrganisms	1	Eukaryota	1	Metazoa	1	Arthropoda	1	Insecta	1	Diptera	1	Psychodidae	1	Trichopygomyia	1	Trichopygomyia_triramula	1
GBMIN14867-13	Arthropoda	Insecta	Diptera	Psychodidae	Phlebotominae	NA	Lutzomyia	Lutzomyia_trapidoi	NA	Ecuador	NA	NA	NA	NA	683	cellularOrganisms	1	Eukaryota	1	Metazoa	1	Arthropoda	1	Insecta	1	Diptera	1	Psychodidae	1	Nyssomyia	1	Nyssomyia_trapidoi	1
GBMIN14868-13	Arthropoda	Insecta	Diptera	Psychodidae	Phlebotominae	NA	Lutzomyia	Lutzomyia_trapidoi	NA	Ecuador	NA	NA	NA	NA	683	cellularOrganisms	1	Eukaryota	1	Metazoa	1	Arthropoda	1	Insecta	1	Diptera	1	Psychodidae	1	Nyssomyia	1	Nyssomyia_trapidoi	1
GBMIN23071-13	Arthropoda	Insecta	Diptera	Psychodidae	Phlebotominae	NA	Lutzomyia	Lutzomyia_micropyga	NA	Colombia	NA	NA	NA	NA	681	cellularOrganisms	1	Eukaryota	1	Metazoa	1	Arthropoda	1	Insecta	1	Diptera	1	Psychodidae	1	Micropygomyia	1	Micropygomyia_micropyga	1
GBPSY030-14	Arthropoda	Insecta	Diptera	Psychodidae	Phlebotominae	NA	Lutzomyia	Lutzomyia_trapidoi	NA	Colombia	NA	5.3333	-74.9333	NA	696	cellularOrganisms	1	Eukaryota	1	Metazoa	1	Arthropoda	1	Insecta	1	Diptera	1	Psychodidae	1	Nyssomyia	1	Nyssomyia_trapidoi	1
GBPSY092-14	Arthropoda	Insecta	Diptera	Psychodidae	Phlebotominae	NA	Lutzomyia	Lutzomyia_triramula	NA	Colombia	NA	6.3513	-77.3695	NA	696	cellularOrganisms	1	Eukaryota	1	Metazoa	1	Arthropoda	1	Insecta	1	Diptera	1	Psychodidae	1	Trichopygomyia	1	Trichopygomyia_triramula	1
GMACJ1031-15	Arthropoda	Insecta	Diptera	Psychodidae	Phlebotominae	NA	Lutzomyia	Lutzomyia_trapidoi	NA	Costa_Rica	Estacion_San_Gerardo	10.8801	-85.3889	575	636	cellularOrganisms	1	Eukaryota	1	Metazoa	1	Arthropoda	1	Insecta	1	Diptera	1	Psychodidae	1	Nyssomyia	1	Nyssomyia_trapidoi	1
VTGEN072-12	Arthropoda	Insecta	Diptera	Psychodidae	Phlebotominae	NA	Lutzomyia	Lutzomyia_shannoni	NA	United_States	Pine_forest_nr._Beaver_pond	33.37	-81.41	NA	658	cellularOrganisms	1	Eukaryota	1	Metazoa	1	Arthropoda	1	Insecta	1	Diptera	1	Psychodidae	1	Psathyromyia	1	Psathyromyia_shannoni	1
DFSFS063-11	Arthropoda	Insecta	Diptera	Psychodidae	Phlebotominae	NA	Lutzomyia	Lutzomyia_shannoni	NA	United_States	NA	NA	NA	NA	658	cellularOrganisms	1	Eukaryota	1	Metazoa	1	Arthropoda	1	Insecta	1	Diptera	1	Psychodidae	1	Psathyromyia	1	Psathyromyia_shannoni	1
GBDP28624-19	Arthropoda	Insecta	Diptera	Psychodidae	Phlebotominae	NA	Sergentomyia	Sergentomyia_cincta	NA	Cameroon	NA	NA	NA	NA	549	cellularOrganisms	1	Eukaryota	1	Metazoa	1	Arthropoda	1	Insecta	1	Diptera	1	Psychodidae	1	Sergentomyia	1	Sergentomyia_antennata	1
GBDP8082-09	Arthropoda	Insecta	Diptera	Psychodidae	Phlebotominae	NA	Phlebotomus	Phlebotomus_sp._JD-2008	NA	Thailand	NA	NA	NA	NA	687	cellularOrganisms	1	Eukaryota	1	Metazoa	1	Arthropoda	1	Insecta	1	Diptera	1	Psychodidae	1	Phlebotomus	1	Phlebotomus_barguesae	1
GBMIN14866-13	Arthropoda	Insecta	Diptera	Psychodidae	Phlebotominae	NA	Lutzomyia	Lutzomyia_trapidoi	NA	Ecuador	NA	NA	NA	NA	683	cellularOrganisms	1	Eukaryota	1	Metazoa	1	Arthropoda	1	Insecta	1	Diptera	1	Psychodidae	1	Nyssomyia	1	Nyssomyia_trapidoi	1
GBMIN14899-13	Arthropoda	Insecta	Diptera	Psychodidae	Phlebotominae	NA	Lutzomyia	Lutzomyia_trapidoi	NA	Ecuador	NA	NA	NA	NA	683	cellularOrganisms	1	Eukaryota	1	Metazoa	1	Arthropoda	1	Insecta	1	Diptera	1	Psychodidae	1	Nyssomyia	1	Nyssomyia_trapidoi	1
GBMIN23028-13	Arthropoda	Insecta	Diptera	Psychodidae	Phlebotominae	NA	Lutzomyia	Lutzomyia_venezuelensis	NA	Colombia	NA	NA	NA	NA	681	cellularOrganisms	1	Eukaryota	1	Metazoa	1	Arthropoda	1	Insecta	1	Diptera	1	Psychodidae	1	Micropygomyia	1	Micropygomyia_venezuelensis	1
GBMIN59852-17	Arthropoda	Insecta	Diptera	Psychodidae	Phlebotominae	NA	Sergentomyia	Sergentomyia_bailyi	NA	NA	NA	NA	NA	NA	507	cellularOrganisms	1	Eukaryota	1	Metazoa	1	Chordata	1	undef_Chordata	1	Squamata	1	Gekkonidae	1	Hemidactylus	1	Hemidactylus_frenatus	1
GBPSY028-14	Arthropoda	Insecta	Diptera	Psychodidae	Phlebotominae	NA	Lutzomyia	Lutzomyia_trapidoi	NA	Colombia	NA	5.3333	-74.9333	NA	696	cellularOrganisms	1	Eukaryota	1	Metazoa	1	Arthropoda	1	Insecta	1	Diptera	1	Psychodidae	1	Nyssomyia	1	Nyssomyia_trapidoi	1
GBPSY047-14	Arthropoda	Insecta	Diptera	Psychodidae	Phlebotominae	NA	Lutzomyia	Lutzomyia_yuilli	Lutzomyia_yuilli_yuilli	Colombia	NA	5.3333	-74.9333	NA	696	cellularOrganisms	1	Eukaryota	1	Metazoa	1	Arthropoda	1	Insecta	1	Diptera	1	Psychodidae	1	Nyssomyia	1	Nyssomyia_yuilli	1
GBPSY048-14	Arthropoda	Insecta	Diptera	Psychodidae	Phlebotominae	NA	Lutzomyia	Lutzomyia_yuilli	Lutzomyia_yuilli_yuilli	Colombia	NA	5.3333	-74.9333	NA	696	cellularOrganisms	1	Eukaryota	1	Metazoa	1	Arthropoda	1	Insecta	1	Diptera	1	Psychodidae	1	Nyssomyia	1	Nyssomyia_yuilli	1
GBPSY102-14	Arthropoda	Insecta	Diptera	Psychodidae	Phlebotominae	NA	Lutzomyia	Lutzomyia_reburra	NA	Colombia	NA	6.3717	-77.3695	NA	696	cellularOrganisms	1	Eukaryota	1	Metazoa	1	Arthropoda	1	Insecta	1	Diptera	1	Psychodidae	1	Trichophoromyia	1	Trichophoromyia_reburra	1
GBPSY288-14	Arthropoda	Insecta	Diptera	Psychodidae	Phlebotominae	NA	Lutzomyia	Lutzomyia_anduzei	NA	NA	NA	NA	NA	NA	660	cellularOrganisms	1	Eukaryota	1	Metazoa	1	Arthropoda	1	Insecta	1	Diptera	1	Psychodidae	1	Nyssomyia	1	Nyssomyia_anduzei	1
VTGEN075-12	Arthropoda	Insecta	Diptera	Psychodidae	Phlebotominae	NA	Lutzomyia	Lutzomyia_shannoni	NA	United_States	Pine_forest_nr._Beaver_pond	33.37	-81.41	NA	658	cellularOrganisms	1	Eukaryota	1	Metazoa	1	Arthropoda	1	Insecta	1	Diptera	1	Psychodidae	1	Psathyromyia	1	Psathyromyia_shannoni	1
DFSFS083-11	Arthropoda	Insecta	Diptera	Psychodidae	Phlebotominae	NA	Lutzomyia	Lutzomyia_shannoni	NA	United_States	NA	35.1642	-79.2633	NA	658	cellularOrganisms	1	Eukaryota	1	Metazoa	1	Arthropoda	1	Insecta	1	Diptera	1	Psychodidae	1	Psathyromyia	1	Psathyromyia_shannoni	1
GBPSY002-14	Arthropoda	Insecta	Diptera	Psychodidae	Phlebotominae	NA	Lutzomyia	Lutzomyia_shannoni	NA	Colombia	NA	4.5689	-75.8508	NA	696	cellularOrganisms	1	Eukaryota	1	Metazoa	1	Arthropoda	1	Insecta	1	Diptera	1	Psychodidae	1	Psathyromyia	1	Psathyromyia_shannoni	1
GBPSY306-14	Arthropoda	Insecta	Diptera	Psychodidae	Phlebotominae	NA	Lutzomyia	Lutzomyia_longipalpis	NA	NA	NA	NA	NA	NA	546	cellularOrganisms	1	Eukaryota	1	Metazoa	1	Arthropoda	1	Insecta	1	Diptera	1	Psychodidae	1	Sergentomyia	1	Sergentomyia_montana	1
