processid	sampleid	recordID	catalognum	fieldnum	institution_storing	collection_code	bin_uri	phylum_taxID	phylum_name	class_taxID	class_name	order_taxID	order_name	family_taxID	family_name	subfamily_taxID	subfamily_name	genus_taxID	genus_name	species_taxID	species_name	subspecies_taxID	subspecies_name	identification_provided_by	identification_method	identification_reference	tax_note	voucher_status	tissue_type	collection_event_id	collectors	collectiondate_start	collectiondate_end	collectiontime	collection_note	site_code	sampling_protocol	lifestage	sex	reproduction	habitat	associated_specimens	associated_taxa	extrainfo	notes	lat	lon	coord_source	coord_accuracy	elev	depth	elev_accuracy	depth_accuracy	country	province_state	region	sector	exactsite	image_ids	image_urls	media_descriptors	captions	copyright_holders	copyright_years	copyright_licenses	copyright_institutions	photographers	sequenceID	markercode	genbank_accession	nucleotides	trace_ids	trace_names	trace_links	run_dates	sequencing_centers	directions	seq_primers	marker_codes
ALOAF238-10	BHD238	1547321	MBB 6614		Research Collection of Bruce Bayer			12	Magnoliophyta	44	Liliopsida	122203	Asparagales	252498	Asphodelaceae			293625	Haworthia	389753	Haworthia gracilis			Bruce Bayer		Poelln.					Barnabas H. Daru, Bruce Bayer															-29.8667	27.4							Lesotho				Hellspoort										3617016	matK	JQ024300	---------------------------CCTTTTTTGCATTTATTGCGA---TTCTTTCTTCAT---------GAATATCATAAT------------------TGTAAT------------------------AGTCTTCTCATTACTCAGAACAAA---------------------TCTATTTAT---GTTTTTTCAAAAGAAAAT------------------------------AAAAGACTATTTCGGTTACTATACAAT------------TTTTATGCTTTTGAATGTGAATTTATATTA---GTTTTTTTTCGTAAACAATCTTAT---TATTTACGATTAACA---TCTTCTGCAACTTTTCTTGAACGAACCCAGTTCTATAGAAAAATAGAACATCTTCGAATAGAACAT------TTTTTCGTAGTATGTCGT---AACTAT------------TTTCAT---------------------------------------AGA------ACTCGATGGTTCTTCAAAAATCCT------TTCATGCATTATTTTCGATATCAAAGAAAGGCAATTCTTGCTTCA------AGGGGGACTCAT------TTTCTGATGAGG---------AAATGGAAATCCCATTTTGTAAATTTCTGGCAATATTATTTTCACTTTTGGTCTCGACCGTACAGAATTCATATAAAT---------CATTTATCAAACTAT------TCCTTCTATTTTCTAGGT------TATCTTTCAAGT------CTACTAAAAAATTCTTCGGCGGTAAGG------AATCAAATGTTAGAGAATTCA------TTTCTAATAGATACC------GTTACTAAGAAATTTGATACCATAGTCCCAGTTATTCTTCTTATTGAATCCTTGTCTAAAGCTAAATTTTGTACCGTATCAGGCCATCCTATTAGTAAGCCGATCTGGGCC---GATTTATCAGATTCTGATATTATTGATCGATTTGGTCGGATATGTAGAAATCTTTCTCATTATCAC---AGCGGATCCTCAAAAAAACAGGATTTGTAT-------------------------------------------	2173655	ALOAF238-10[rbcLa-F,rbcLa-R]_F.ab1	http://trace.boldsystems.org/traceIO/bold.org/1877776	2010-07-01T02:47:12	Biodiversity Institute of Ontario	F	rbcLa-F	rbcLa
CNCDB1707-11	CNC DIPTERA 102714	2073269	CNC DIPTERA 102714		Canadian National Collection of Insects, Arachnids and Nematodes		BOLD:AAY9815	20	Arthropoda	82	Insecta	127	Diptera															Vouchered:Registered Collection	Tissue		J.W.Boyes							A																Lesotho					1223654	http://www.boldsystems.org/pics/CNCDB/CNC_DIPTERA_102714+1310413494.jpg	Lateral		CNC/BIO Photography Group	2011	CreativeCommons - Attribution Non-Commercial Share-Alike	Centre for Biodiversity Genomics	Chad Whitmell	4079381	COI-5P		AACTTTATATTTCATATTCGGAACTTGAGCTGGTTTAGTAGGAACATCTTTAAGAATTTTAATTCGAGCAGAATTAGGACATCCAGGAGCATTAATTGGTGATGACCAAATTTATAATGTAATTGTTACAGCACATGCTTTTGTAATAATTTTCTTTATAGTAATACCTATTATAATTGGAGGATTTGGAAATTGATTAGTTCCTTTAATATTAGGAGCACCAGATATAGCATTTCCACGAATAAATAATATAAGTTTTTGACTTTTACCTCCTTCTTTAACTTTATTATTAGTAAGTAGAATAGTAGAAAACGGAGCAGGAACAGGATGAACAGTTTATCCTCCTTTATCAGCAGGAATTGCCCATAGAGGAGCTTCAGTAGATTTAGCAATTTTTTCTTTACATTTAGCAGGAATATCATCAATTTTAGGAGCTGTAAATTTCATTACAACTGTTATTAATATACGAACAGCCGGAATAACATATGATCGAATACCTTTATTTGTTTGATCAGTTGTAATTACCGCTTTACTTTTATTATTATCTCTTCCTGTTTTAGCAGGAGCAATTACTATGCTTTTAACAGATCGAAATTTAAATACTTCATTTTTCGACCCAGCCGGGGGAGGAGATCCAATTCTTTACCAACATTTATTT	3286022	CNCDB1707-11[MLepF1,C_LepFolR]_F.ab1	http://trace.boldsystems.org/traceIO/bold.org/2946651	2011-08-05T10:10:36	Biodiversity Institute of Ontario	F	MLepF1	COI-5P
CNCDB651-11	CNC DIPTERA 101988	2064835	CNC DIPTERA 101988		Canadian National Collection of Insects, Arachnids and Nematodes		BOLD:AAZ6070	20	Arthropoda	82	Insecta	127	Diptera															Vouchered:Registered Collection	Tissue		J.W.Boyes							A																Lesotho					1352394	http://www.boldsystems.org/pics/CNCDB/CNC_DIPTERA_101988+1310133038.JPG	Lateral		CNC/BIO Photography Group	2011	CreativeCommons - Attribution Non-Commercial Share-Alike	Centre for Biodiversity Genomics	Chad Whitmell	4107020	COI-5P		AACCTTATATTTTGTATTTGGTACTTGAGCAGGAATAGTAGGTACATCTCTTAGAGTACTAATTCGAGCTGAACTAGGTCATCCAGGTGCATTAATTGGTGATGATCAAATTTATAATGTTATTGTAACAGCTCACGCTTTTGTAATAATTTTTTTTATAGTAATACCTATTATAATTGGAGGATTCGGAAATTGATTAGTTCCTCTAATATTAGGAGCACCAGATATAGCTTTCCCTCGAATAAATAATATAAGTTTTTGATTATTACCCCCTTCTTTAACTTTACTATTAGTAAGAAGTATAGTAGNAAATGGAGCTGGAACTGGATGAACAGTTTACCCTCCCCTATCAAGAAATATTGCTCATGGAGGAGCTTCAGTTGATTTAGCAATTTTCTCTCTTCACTTGTCAGGAATATCATCAATTTTAGGAGCTGTAAATTTTATTACAACAGTAATTAATATACGTTCAACAGGAATTACATATGATCGAATACCATTATTTGTATGATCAGTTGCTATTACAGCTTTATTACTTCTTTTATCATTACCAGTTTTAGCCGGAGCTATTACTATACTACTTACAGA----------------------------------------------------------------------	3377791	CNCDB651-11[MLepF1,C_LepFolR]_F.ab1	http://trace.boldsystems.org/traceIO/bold.org/3033956	2011-08-03T19:53:44	Biodiversity Institute of Ontario	F	MLepF1	COI-5P
CNCDB652-11	CNC DIPTERA 101989	2064836	CNC DIPTERA 101989		Canadian National Collection of Insects, Arachnids and Nematodes		BOLD:AAZ6070	20	Arthropoda	82	Insecta	127	Diptera															Vouchered:Registered Collection	Tissue		J.W.Boyes							A																Lesotho					1352395	http://www.boldsystems.org/pics/CNCDB/CNC_DIPTERA_101989+1310133044.JPG	Lateral		CNC/BIO Photography Group	2011	CreativeCommons - Attribution Non-Commercial Share-Alike	Centre for Biodiversity Genomics	Chad Whitmell	4107021	COI-5P		AACCTTATATTTTGTATTTGGTACTTGAGCAGGAATAGTAGGTACATCTCTTAGAGTACTAATTCGAGCTGAACTAGGTCATCCAGGTGCATTAATTGGTGATGATCAAATTTATAATGTTATTGTAACAGCTCACGCTTTTGTAATAATTTTTTTTATAGTAATACCTATTATAATTGGAGGATTCGGAAATTGATTAGTTCCTCTAATATTAGGAGCACCAGATATAGCTTTCCCTCGAATAAATAATATAAGTTTTTGATTATTACCCCCTTCTTTAACTTTACTATTAGTAAGAAGTATAGTAGNAAATGGAGCTGGAACTGGATGAACAGTTTACCCGCCCCTATCAAGAAATATTGCTCATGGAGGAGCTTCAGTTGATTTAGCAATTTTCTCTCTTCACTTATCAGGAATATCATCAATTTTAGGGGCTGTAAATTTTATTACAACAGTAATTAATATACGTTCAACAGGAATTACATATGATCGAATACCATTATTTGTATGATCAGTTGCTATTACAGCTTTATTACTTCTTTTATCATTACCAGTTTTAGCCGGAGCTATTACTATACTACTTACAGATCGAAATCTTAATACTTCATTTTTTGATCCTGCCGGAGGAGGAGACCCAATTCTTTATCAACATTTATTT	3377562	CNCDB652-11[C_LepFolF,MLepR2]_F.ab1	http://trace.boldsystems.org/traceIO/bold.org/3033727	2011-07-29T17:11:15	Biodiversity Institute of Ontario	F	C_LepFolF	COI-5P
CNCDB730-11	CNC DIPTERA 102024	2064914	CNC DIPTERA 102024		Canadian National Collection of Insects, Arachnids and Nematodes		BOLD:AAB0391	20	Arthropoda	82	Insecta	127	Diptera											J. R. Vockeroth				Vouchered:Registered Collection	Tissue		J.W.Boyes							A																Lesotho					1258495	http://www.boldsystems.org/pics/CNCDB/CNC_DIPTERA_102024+1311258566.jpg	Lateral		CNC/BIO Photography Group	2011	CreativeCommons - Attribution Non-Commercial Share-Alike	Centre for Biodiversity Genomics	Chad Whitmell	4079298	COI-5P		TACCTTATATTTTGTATTTGGAACATGAGCAGGTATAGTAGGAACTTCCTTAAGAATTTTAATTCGAGCTGAATTAGGCCATCCTGGAGCATTAATTGGAGATGATCAAATTTATAATGTTATTGTAACAGCTCATGCCTTTGTAATAATTTTCTTTATAGTAATACCTATTATAATTGGAGGATTTGGAAATTGATTAGTTCCTCTTATATTAGGAGCCCCCGATATAGCATTTCCTCGAATAAATAATATAAGTTTCTGATTATTACCTCCTTCTTTAACATTATTATTAGTAAGAAGTATAGTAGAAAATGGAGCTGGAACAGGATGAACTGTATACCCACCTTTATCAAGTAACATTGCACACGGAGGAGCCTCAGTTGATTTAGCAATTTTTTCACTTCATTTATCTGGTATATCATCTATTTTAGGTGCAGTAAATTTCATTACAACTATTATTAATATACGATCAACAGGAATTACATATGATCGAATACCTTTATTTGTATGATCTGTAGGTATTACAGCTTTACTACTACTTCTTTCCCTACCAGTTTTAGCAGGAGCAATTACTATATTATTAACTGATCGAAATTTAAATACATCATTTTTTGATCCAGCAGGAGGAGGTGATCCAATTTTATACCAACATTTATTT	3285663	CNCDB730-11[C_LepFolF,MLepR2]_F.ab1	http://trace.boldsystems.org/traceIO/bold.org/2946292	2011-07-29T14:27:03	Biodiversity Institute of Ontario	F	C_LepFolF	COI-5P
GBMBV2880-14	KF483396	5184769	UGSB 10568	KF483396	Mined from GenBank, NCBI		BOLD:ACQ5340	23	Mollusca	70	Bivalvia			668	Sphaeriidae			348861	Pisidium	653276	Pisidium cf. casertanum UGSB 10568																								<![CDATA[isolate: 15838]]>									Lesotho		Mokhotlong												6865607	COI-5P	KF483396	TGTTTGGGCAGGGTTAATGGGAACTGCTTTTAGTGTAATTATTCGGATGGAATTGGCTTTGCCTGGTTCTTTATTGAAAGATGCACAACTTTATAATGTTTTAGTTACAGCTCATGCTTTAGTAATGATTTTTTTTTTGGTAATGCCTATAATGATAGGGGGATTTGGAAATTGGTTGGTTCCATTGATGCTGGTGGTTCCAGATATAGCTTTTCCTCGTTTAAATAATTTAAGATTTTGATTACTTCCTGTTGCTTTAATGTTATTATTAGGTTCTGCTTATGTTGAGAGTGGTGCTGGAACTGGGTGGACAATTTATCCACCTTTATCTGGAAATGTTGCTCATGCAGGTCCTTCTATAGAGTTTGCTATTTTATCTTTACATTTAGGGGGTGCTTCTTCTATTGCTGCATCTATTAATTTTTTAACTACTGTTTTAAATATACGATTGGGGGTGATAGAATTGAAACGAGTAAGATTGTTTGTCTTTTCTATTGCTATTACTGCGTTTTTATTGATTGTAGCAATGCCTGTGTTAGCTGGGGGTTTAACTATGCTTTTAACTGATCGTAATTTTAATACTACTTTTTTTGATC								
GBMBV2881-14	KF483397	5184770	UGSB 10567	KF483397	Mined from GenBank, NCBI		BOLD:ACQ3486	23	Mollusca	70	Bivalvia			668	Sphaeriidae			348861	Pisidium	656108	Pisidium viridarium																								<![CDATA[isolate: 15834]]>									Lesotho		Thaba-Tseka												6865608	COI-5P	KF483397	TGTTTGAGCTGGATTAANGGGGANTGCTTTTAGTGTAATTATTCGTATAGAATTAGCTTTACCTGGTTCTTTATTAAAGGATGCTCAGCTTTATAATGTTTTAGTAACAGCTCATGCTTTGGTAATAATTTTTTTTTTAGTAATGCCAATAATGATGGGTGGGTTTGGTAATTGGTTGGTTCCATTAATGTTAGTGGTTCCTGATATAGCTTTTCCTCGTCTTAATAATTTAAGGTTTTGGTTGTTACCTGTTGCATTAATGTTATTATTAGGTTCTGCTTATGTTGAAAGAGGTGCTGGAACTGGGTGAACTATTTATCCNCCATTATCGGGTAATGTAGCTCATGCAGGTCCTTCTATAGAATTTGCTATTTTGTCTTTGCATTTAGGTGGTGCATCTTCTATTGCTGCATCTATTAATTTTTTAACTACTGTTTTAAATATGCGTTTAGGGGTAATGGAATTAAAACGGGTTAGATTGTTTGTTTTTTCTATTGCTATTACTGCATTTTTATTGATTGTTGCAATGCCTGTATTAGCTGGTGGTTTAACTATGCTTTTAACTGATCGTAATTTTAATACTACTTTTTTTGANC								
GBMH1974-07	EF474430	643782	EF474430		Mined from GenBank, NCBI			20	Arthropoda	82	Insecta	133	Hemiptera	1753	Aphididae	3859	Aphidinae	103411	Diuraphis	103413	Diuraphis noxia																																	Lesotho														3125155	COI-5P	EF474430	------------------------------------------------------------------------------------------------------------------------------------------------------------------------------------------------------------------------------------------------------------------------------------------------------------------------------------------------AGATTCATAATTAATAATGGAACAGGAACAGGATGAACTATTTATCCACCATTATCAAATAATATTGCTCATAATAATATTTCAGTTGATTTAACTATTTTTTCTTTACACTTAGCAGGAATTTCATCAATTTTAGGAGCAATTAATTTTATTTGTGCAATTTTAAATATAATACCTAATAATTTAAAATTAAATCAAATTCCTCTTTTTCCATGATCAATTCTAATTACAGCTATTCTATTAATCTTATCTTTACCAGTTTTAGCTGGGGCTATTACAATATTATTAACTGATCGAAACTTAAATACTTCATTTTTTGATCCAGCAGG-------------------------------------------------------------------------------------------------------------------------------------------------------------------------------------------------------------------------------------------------------------------------------------------------------------------------------------------------------------------------------------------------------------------------------------------------------------------------------------------------------------------------------------------------------------------------------------------------------------------------------------------------------------------------------------------------------------------------------------------------------------------------------------------------------------------------------------------------------------------								
GBVD2032-11	AJ404729	2276451	Gordon-Gray 49694 (NU)	AJ404729	Mined from GenBank, NCBI			12	Magnoliophyta	44	Liliopsida	200	Poales	121156	Cyperaceae			288881	Isolepis	423761	Isolepis pellocolea					B.L.Burtt												Adult						taxon:130953										Lesotho														4231164	rbcL	AJ404729	GTTGGGATTAAAGCCGGTGTTAAAGATTAC------------AAACTTACTTATTATACT---CCTGAATACGAAACCAAAGATACTGATATCTTGGCAGCATTCCGAGTAACTCCTCAACCCGGAGTCCCTCCTGAAGAAGCAGGAGCTGCAGTAGCGGCGGAATCTTCT---ACTGGTACATGGACA---ACTGTTTGGACTGATGGA---CTTACCAGTCTTGATCGTTACAAAGGGCGATGCTATCATATCGAGCCTGTTGTTGGAGAAGAA---AATCAATTTATTGCCTATGTAGCTTATCCTTTAGACCTTTTCGAAGAA---GGTTCTGTT---ACTAACATGTTTACT---TCTATTGTAGGTAATGTATTT---GGTTTCAAAGCCTTACGA---GCTCTACGCTTG---GAAGACTTACGA---ATTCCCCCTGCTTATTCAAAAACT---TTCCAAGGCCCA---CCTCATGGTATC---CAATCTGAAAGAGAT---------AAG------TTGAAC---------------AAG---TAT---GGTCGTCCTCTATTGGGATGTACTATT---AAACCAAAA---TTGGGATTA---TCC---GCAAAGAATTACGGT---AGAGCA---TGTTACGAATGTCTACGTGGTGGACTTGATTTTACCAAAGAT------------------------GAT---------------------GAAAACGTAAACTCACAACCATTTATGCGTTGGAGAGATCGTTTC---TTG---TCT------------------------------------------------------------GGTGCCGAAGCA---ATTTATAAAGCACAGGCCGAA---ACAGGT---GAAATCAAAGGACATTACTTGAATGCTACTGCAGCTACA---TCTGAAGAAATGATCAAAAGAGCAACATTT---GCT---AGAGAATTG------GGAGTTCCTATCATAATGCATGACTACTTAACC------GGGGGATTCACT------------GCAAATACTAGTTTGGCTTTTTATTGCCGTGAT---AAT------GGTCTACTTCTG---CACATC---CACCGCGCAATGCATGCAGTTATT------------GAT------AGACAGAAAAACCATGGTATGCATTTCCGTGTACTAGCTAAAGCATTA---CGTATGTCTGGTGGAGATCATATTCACTCTGGTACAGTAGTA---GGTAAACTGGAA------GGGGAACGTGAGATGACTTTAGGTTTTGTTGACTTACTACGTGATGATTATATTGAAAAAGAT---CGTAGTCGTGGTATCTTTTTC------ACTCAAGATTGG---GTCTCTATGCCT---GGTGTG---ATACCTGTGGCTTCAGGGGGTATCCATGTTTGG---------------CATATG------CCTGCTTTG---ACTGAAATCTTTGGAGAT---GATTCTGTACTTCAATTTGGTGGAGGAACCTTAGGACACCCTTGGGGAAATGCACCTGGTGCAGTAGCTAACAGGGTGGCTTTAGAAGCATGCGTACAAGCTCGTAATGAAGGACGTGATCTTGCT------CGT---GAA------GGTAATGAAATTATTCGAGCAGCAGCTAAATGGAGT------CCTGAATTAGCCGCT---GCTTGT------GAA---GTATGGAAAGCAATCAAATTTGAA---TTCGATCCAGTAGAT								
GBVG1593-11	FJ014112	2296009	L.  N. Zeltner 0503021b (NEU)	FJ014112	Mined from GenBank, NCBI			12	Magnoliophyta	41	Magnoliopsida	121212	Gentianales	121708	Gentianaceae			351014	Sebaea	425537	Sebaea bojeri																								<![CDATA[Sebaea bojeri maturase K (matK) gene, partial cds: chloroplast.|Eukaryota:Viridiplantae:Streptophyta:Embryophyta:Tracheophyta:Spermatophyta:Magnoliophyta:eudicotyledons:core eudicotyledons:asterids:lamiids:Gentianales:Gentianaceae:Exaceae:Sebaea:Sebaea bojeri:|Lesotho]]>									Lesotho														4214128	matK	FJ014112	CACGACTTTCTATATCCGCTTATCTTTCAGGAGTATATTTATGCACTTGCTCATGATCATAGTTTAAGTCGATCTATTTTGTTGGAAAATACAGGTCATGACAATAAATCCAGTTTCCTAATTGTAAAACGTTTAATTAATCAAATGTATCGACGGAATCCTTTTATTATTTCTGCTAATGATTTTAATCAAAATCCCCTTTTTGGACATAACAATAATTTCTATTCTCAAACGATATCAGAGGGTTTTTCTTTTATTGTAGAAATTCCGTTTTATATACGATTAATACCTTATGAAGAAGGGAAGGGTATATTCAAATATCAAAATTTACGATCAATTCATTCAATATTTCCTTTCTTAGAGGAAAATTTTTCACATTTAAATTCTGTGTTAGATATAATAATACCCCATCCTATCCACCTTGAAATCTTGGTTCAAATACTTCGCTATT								
GBVG1600-11	FJ014115	2296016	L.  N. Zeltner 0503041a (NEU)	FJ014115	Mined from GenBank, NCBI			12	Magnoliophyta	41	Magnoliopsida	121212	Gentianales	121708	Gentianaceae			351014	Sebaea	444068	Sebaea filiformis																								<![CDATA[Sebaea filiformis maturase K (matK) gene, partial cds: chloroplast.|Eukaryota:Viridiplantae:Streptophyta:Embryophyta:Tracheophyta:Spermatophyta:Magnoliophyta:eudicotyledons:core eudicotyledons:asterids:lamiids:Gentianales:Gentianaceae:Exaceae:Sebaea:Sebaea filiformis:|Lesotho]]>									Lesotho														4214136	matK	FJ014115	CACGACTTTCTATATCCGCTTATCTTTCAGGAGTATATTTATGCACTTGCTCATGATCATAGTTTAAGTCGATCTATTTTGTTGGAAAATACAGGTCATGACAATAAATCCAGTTTCCTAATTGTAAAACGTTTAATTAATCAAATGTATCGACGGAATCCTTTTATTATTTCTGCTAATGATTTTAATCAAAATCCCCTTTTTGGACATAACAATAATTTCTATTCTCAAACGATATCAGAGGGTTTTTCTTTTATTGTAGAAATTCCGTTTTATATACGATTAATACCTTATGAAGAAGGGAAGGGTATATTCAAATATCAAAATTTACGATCAATTCATTCAATATTTCCTTTCTTAGAGGAAAACTTTTCACATTTAAATTCTGTGTTAGATATAATAATACCCCATCCTATCCACCTTGAAATCTTGGTTCAAATACTTCGCTATT								
GBVG1612-11	FJ014126	2296028	J. Kissling  L. Zeltner 17 (NEU)	FJ014126	Mined from GenBank, NCBI			12	Magnoliophyta	41	Magnoliopsida	121212	Gentianales	121708	Gentianaceae			351014	Sebaea	444074	Sebaea repens																								<![CDATA[Sebaea repens maturase K (matK) gene, partial cds: chloroplast.|Eukaryota:Viridiplantae:Streptophyta:Embryophyta:Tracheophyta:Spermatophyta:Magnoliophyta:eudicotyledons:core eudicotyledons:asterids:lamiids:Gentianales:Gentianaceae:Exaceae:Sebaea:Sebaea repens:|Lesotho]]>									Lesotho														4214149	matK	FJ014126	CACGACTTTCTATATCCGCTTATCTTTCAGGAGTATATTTATGCACTTGCTCATGATCATAGTTTAAGTCGATCTATTTTGTTGGAAAATACAGGTCATGACAATAAATCCAGTTTCCTAATTGTAAAACGTTTAATTAATCAAATGTATCGACGGAATCCTTTTATTATTTCTGCTAATGATTTTAATCAAAATCCCCTTTTTGGACATAACAATAATTTATATTCTCAAACGATATCAGAGGGTTTTTCTTTTATTGTGGAAATTCCGTTTTATATACGATTAATACCTTATGAAGAAGGGAAGGGTATATTCAAATATCAAAATTTACGATCAATTCATTCAATATTTCCTTTCTTAGAGGAAAATTTTTCACATTTAAATTCTGTGTTAGATATACTAATACCCCATCCTATCCACCTTGAAATCTTGGTTCAAATACTTCGCTATT								
GBVG1615-11	FJ014129	2296031	J. Kissling  L. Zeltner 31 (NEU)	FJ014129	Mined from GenBank, NCBI			12	Magnoliophyta	41	Magnoliopsida	121212	Gentianales	121708	Gentianaceae			351014	Sebaea	664999	Sebaea sp.																							taxon:592777										Lesotho														4214152	matK	FJ014129	CACGACTTTCTATATCCGCTTATCTTTCAGGAGTATATTTATGCACTTGCTCATGATCATAGTTTAAGTCGATCTATTTTGTTGGAAAATACAGGTCATGACAATAAATCCAGTTTCCTAATTGTAAAACGTTTAATTAATCAAATGTATCGACGGAATCCTTTTATTATTTCTGCTAATGATTTTAATCAAAATCCCCTTTTTGGACATAACAATAATTTATATTCTCAAACGATATCAGAGGGTTTTTCTTTTATTGTGGAAATTCCGTTTTATATACGATTAATACCTTATGAAGAAGGGAAGGGTATATTCAAATATCAAAATTTACGATCAATTCATTCAATATTTCCTTTCTTAGAGGAAAATTTTTCACATTTAAATTCTGTGTTAGATATACTAATACCCCATCCTATCCACCTTGAAATCTTGGTTCAAATACTTCGCTATT								
GBVG1620-11	FJ014133	2296036	J. Kissling  L. Zeltner 16 (NEU)	FJ014133	Mined from GenBank, NCBI			12	Magnoliophyta	41	Magnoliopsida	121212	Gentianales	121708	Gentianaceae			351014	Sebaea	444076	Sebaea thodeana																								<![CDATA[Sebaea thodeana maturase K (matK) gene, partial cds: chloroplast.|Eukaryota:Viridiplantae:Streptophyta:Embryophyta:Tracheophyta:Spermatophyta:Magnoliophyta:eudicotyledons:core eudicotyledons:asterids:lamiids:Gentianales:Gentianaceae:Exaceae:Sebaea:Sebaea thodeana:|Lesotho]]>									Lesotho														4214157	matK	FJ014133	CACGACTTTCTATATCCGCTTATCTTTCAGGAGTATATTTATGCACTTGCTCATGATCATAGTTTAAGTCGATCTATTTTGTTGGAAAATACAGGTCATGACAATAAATCCAGTTTCCTAATTGTAAAACGTTTAATTAATCAAATGTATCGACGGAATCCTTTTATTATTTCTGCTAATGATTTTAATCAAAATCCCCTTTTTGGACATAACAATAATTTATATTCTCAAACGATATCAGAGGGTTTTTCTTTTATTGTGGAAATTCCGTTTTATATACGATTAATACCTTATGAAGAAGGGAAGGGTATATTCAAATATCAAAATTTACGATCAATTCATTCAATATTTCCTTTCTTAGAGGAAAATTTTTCACATTTAAATTCTGTGTTAGATATACTAATACCCCATCCTATCCACCTTGAAATCTTGGTTCAAATACTTCGCTATT								
GBVG1621-11	FJ014134	2296037	J. Kissling  L. Zeltner 29 (NEU)	FJ014134	Mined from GenBank, NCBI			12	Magnoliophyta	41	Magnoliopsida	121212	Gentianales	121708	Gentianaceae			351014	Sebaea	425544	Sebaea thomasii																								<![CDATA[Sebaea thomasii maturase K (matK) gene, partial cds: chloroplast.|Eukaryota:Viridiplantae:Streptophyta:Embryophyta:Tracheophyta:Spermatophyta:Magnoliophyta:eudicotyledons:core eudicotyledons:asterids:lamiids:Gentianales:Gentianaceae:Exaceae:Sebaea:Sebaea thomasii:|Lesotho]]>									Lesotho														4214158	matK	FJ014134	CACGACTTTCTATATCCGCTTATCTTTCAGGAGTATATTTATGCACTTGCTCATGATCATAGTTTAAGTCGATCTATTTTGTTGGAAAATACAGGTCATGACAATAAATCCAGTTTCCTAATTGTAAAACGTTTAATTAATCAAATGTATCGACGGAATCCTTTTATTATTTCTGCTAATGATTTTAATCAAAATCCCCTTTTTGGACATAACAATAATTTATATTCTCAAACGATATCAGAGGGTTTTTCTTTTATTGTGGAAATTCCGTTTTATATACGATTAATACCTTATGAAGAAGGGAAGGGTATATTCAAATATCAAAATTTACGATCAATTCATTCAATATTTCCTTTCTTAGAGGAAAATTTTTCACATTTAAATTCTGTGTTAGATATACTAATACCCCATCCTATCCACCTTGAAATCTTGGTTCAAATACTTCGCTATT								
GBVL3047-11	DQ194100	2324130	Duckett 34026	DQ194100	Mined from GenBank, NCBI			256173	Marchantiophyta	273783	Jungermanniopsida	397492	Jungermanniales	414106	Plagiochilaceae			427175	Plagiochila	445422	Plagiochila lunata																							taxon:349619										Lesotho														4252517	rbcL	DQ194100	------------------GTTAGAGATTAT------------AAAATAACCTATTATACG---CCTGATTATGAGACGAAAGAGACGGATATTTTAGCAGCATTTCGTATGACTCCTCAACCGGGAGTACCAGCCGAAGAAGCAGGAGCAGCGGTAGCTGCTGAATCCTCA---ACTGGTACGTGGACT---ACGGTTTGGACTGATGGG---CTTACAAGTCTTGACCGCTATAAAGGTCGATGCTATGATATCGAACCTGTTGCTGGCGACGAA---AATCAATATATTGCTTATGTAGCTTATCCGTCAGATTTATTCGAAGAA---GGTTCTGTT---ACAAATCTTTTCACT---TCGATCGTAGGTAATGTGTTT---GGATTCAAAGCTTTACGA---GCTTTACGTCTT---GAAGATTTACGT---ATTCCTCCAGCTTATGTAAAAACT---TTCCAAGGGCCA---CCTCATGGTATC---CAAGTTGAGAGAGAT---------AAA------TTAAAT---------------AAA---TAT---GGTCGTCCCTTATTAGGCTGTACTATT---AAACCAAAA---TTAGGTTTA---TCT---GCCAAAAATTATGGT---AGAGCT---GTATACGAATGTCTTCGTGGTGGACTTGATTTTACAAAAGAT------------------------GAT---------------------GAAAATGTAAACTCCCAACCATTTATGCGTTGGAGAGATCGTTTC---TTG---TTC------------------------------------------------------------GTAGCAGAAGCT---ATTTTCAAATCTCAGGCCGAA---ACTGGG---GAAATTAAAGGACATTATTTAAATGCTACTGCAGGTACA---AATGAAGAAATGATGAAAAGAGCTGCATGT---GCC---AGAGAATTG------GGTGTGCCAATTATTATGCATGATTATCTTACA------GGTGGATTTACT------------GCCAATACTAGTTTAGCTCATTATTGTCGTGAT---AAC------GGTTTACTCCTT---CACATT---CACCGTGCAATGCATGCTGTTATT------------GAC------AGACAAAAAATTCATGGTATGCATTTTCGCGTATTAGCTAAAGCATTG---CGTTCATCTGGTGGAGATCATGTTCATGCTGGTACTGTCGTG---GGTAAATTAGAG------GGAGAACGTGATGTAACTCTAGGCTTTGTGGATTTATTACGTGATGATTTTATAGAAAAAGAT---AGAAGTCGTGGTATTTATTTC------ACTCAAGATTGG---GTTTCTCTACCT---GGTGTA---TTACCGGTAGCATCCGGTGGTATTCATGTTTGG---------------CATATG------CCCGCTTTA---ACTGAAATTTTTGGGGAT---GATTCTGTATTACAGTTTGGTGGTGGAACTTTGGGACACCCTTGGGGAAATGCCCCTGGTGCAGTTGCTAACCGAGTTGCTTTAGAAGCCTGTTTACAGGCACGTAACGAAGGACGCGACCTTGCC------CGT---GAA------------------------------------------------------------------------------------------------------------------------------								
GBVO3830-11	GU817529	2308842	F.K. Hoener 2104	GU817529	Mined from GenBank, NCBI			12	Magnoliophyta	41	Magnoliopsida	35476	Asterales	100962	Asteraceae			125029	Senecio	422652	Senecio gramineus					Harv.																			<![CDATA[Senecio gramineus isolate 939 tRNA-Lys (trnK) gene, partial sequence: and maturase K (matK) gene, partial cds: plastid.|Eukaryota:Viridiplantae:Streptophyta:Embryophyta:Tracheophyta:Spermatophyta:Magnoliophyta:eudicotyledons:core eudicotyledons:asterids:campanulids:Asterales:Asteraceae:Asteroideae:Senecioneae:Senecioninae:Senecio:Senecio gramineus:|Lesotho]]>									Lesotho														4270754	matK	GU817529	TGATTTGGGCCGATTTCTCAGATTCTGATATTATTGAGCGCTTTGGGCGTATATACAGAAATCTTTCTCATTATCATAGTGGATCTTCAAAAAAAAAGAGTTTGTATCGCGTAAAGTATATACTTCGACTTTCTTGTGCTAGAACTTTAGCTCGTAAGCATAAAAGTACTGTACGTGCTTTTTTGAAAAGATTAGGTTCGGAATTATTGGAAGAATTCTTTACGGAAGAAGAACAAGTTTTTTCCTTGACCTTTCCAAGAGTTTCTTCTATTTCGAGAAGGTTATCTAGAGGGCGGATTTGGTATTTGGATATTATTTGTATCAATGATTTGGCCAATCATGAA								
GBVT3922-13	JN789616	3708743	C. Coyle 12080	JN789616	Mined from GenBank, NCBI			12	Magnoliophyta	41	Magnoliopsida	35476	Asterales	100962	Asteraceae			125029	Senecio	421604	Senecio inaequidens					DC.																		Senecio inaequidens	<![CDATA[authority: Senecio inaequidens DC.]]>									Lesotho														5561169	matK	JN789616	TCTCAGATTCTGATATTATTGAGCGCTTTGGGCGTATATACAGAAATCTTTCTCATTATCATAGTGGATCTTCAAAAAAAAAGAGTTTGTATCGCGTAAAGTATATACTTCGACTTTCTTGTGCTAGAACTTTAGCTCGTAAGCATAAAAGTACTGTACGTGCTTTTTTGAAAAGATTAGGTTCGGAATTATTGGAAGAATTCTTTACGGAAGAAGAACAAGTTTTTTCCTTGACCTTTCCAAGAGTTTCTTCTATTTCGAGAAGGTTATCTAGAGGGCGGATTTGGTATTTGGATATTATTTGTATCAATGATTTGGCCAATCATGAA								
GWORU873-10	JLC ZW Lep 00303	1409778	JLC ZW Lep 00303	JLC ZW Lep 00303	Research Collection of Juergen Lenz			20	Arthropoda	82	Insecta	113	Lepidoptera	525	Geometridae	5242	Larentiinae	7698	Eupithecia	282518	Eupithecia pettyioides			Juergen Lenz							H. S. Staude							A	M	S				Paratype						2350				South Africa		Lesotho		Monteng Pass										3798351	COI-5P		AACTTTATATTTTATTTTTGGAATCTGAGCAGGTATAATTGGAACCTCTTTAAGTTTATTAATTCGAGCTGAATTAGGGACTCCTGGATCTTTAATTGGAGATGATCAAATTTATAATACTATTGTTACAGCTCATGCTTTTATTATAATTTTTTTTATAGTTATACCAATTATAATTGGAGGATTTGGAAATTGATTAGTACCTTTAATATTAGGAGCACCAGATATAGCTTTCCCACGGATAAATAATATAAGTTTTTGATTACTACCCCCCTCTATTACTCTTTTAATTTCAAGTAGAATTGTA---------------------------------------------------------------------------------------------------------------------------------------------------------------------------------------------------------------------------------------------------------------------------------------------------------------------------------------------------------------	2657113	GWORU873-10[LepF1,MLepR1]_F.ab1	http://trace.boldsystems.org/traceIO/bold.org/2338554	2011-01-25T02:58:19	Biodiversity Institute of Ontario	F	LepF1	COI-5P
GWOSD910-10	BC ZSM Lep 42761	1643542	BC ZSM Lep 42761	BC ZSM Lep 42761	SNSB, Zoologische Staatssammlung Muenchen		BOLD:ABU6541	20	Arthropoda	82	Insecta	113	Lepidoptera											Hermann Staude							A.I.Curle							A		S						-29.4394	29.1203			2480				Lesotho					890972	http://www.boldsystems.org/pics/GWOSD/BC_ZSM_Lep_42761+1281432976.JPG	Dorsal	adult	Axel Hausmann	2010	CreativeCommons - Attribution Non-Commercial Share-Alike	SNSB, Zoologische Staatssammlung Muenchen	ZSM Photography Team	4170799	COI-5P		AACTCTTTACTTTATTTTTGGTATTTGAGCAGGAATAATTGGAACTTCTTTAAGATTACTAATTCGAGCTGAATTAGGAAGCCCAGGATCTTTAATTGGAGATGATCAAATTTATAATACTATTGTTACAGCTCATGCTTTTATCATAATTTTTTTTATAGTTATGCCAATTATAATTGGAGGATTTGGAAACTGACTAGTACCTTTAATATTGGGGGCCCCTGATATAGCTTTCCCCCGAATAAATAACATAAGATTTTGACTTTTACCCCCCTCTATTATACTTTTAATTTCTAGAAGAGTTGTAGAAAATGGAGCTGGCACTGGATGAACTGTTTACCCCCCTCTATCCTCAAATATTGCCCATGGAGGCAGTTCTGTAGATTTAGCTATTTTTTCCCTTCATTTAGCTGGAATTTCTTCTATTTTAGGGGCAATTAATTTTATTACAACTATTATTAACATACGATTAAATAATATATTTTTTGATCAATTACCTCTTTTCGTGTGAGCCGTTGGAATTACAGCATTTTTACTTTTACTTTCTTTACCAGTTTTAGCCGGGGCTATTACTATATTGTTAACAGATCGAAATTTAAACACATCTTTTTTTGACCCTGCTGGAGGGGGAGACCCAATTTTATATCAACATTTATTT	3532141	GWOSD910-10[LepF1,MLepR2]_F.ab1	http://trace.boldsystems.org/traceIO/bold.org/3197517	2011-10-12T18:08:31	Biodiversity Institute of Ontario	F	LepF1	COI-5P
IBLPC889-11	BC MTD Lep 00615	1822837	BC MTD Lep 00615	BC MTD Lep 00615	Senckenberg Natural History Collections Dresden, Museum of Zoology		BOLD:AAQ3864	20	Arthropoda	82	Insecta	113	Lepidoptera											Matthias Nuss							Krueger, Dombrowsky							A	F	S						-28.767	28.167			2900				Lesotho					1000295	http://www.boldsystems.org/pics/IBLPC/BC_MTD_Lep_00615+1283501684.jpg	Dorsal	adult	Senckenberg Museum of Zoology, Dresden	2010	CreativeCommons - Attribution Non-Commercial	Senckenberg Museum of Zoology, Dresden	Michaela Grote	3878586	COI-5P	JF852429-SUPPRESSED	--------------------------GAGCAGGATTAATTGGAACATCTTTAAGTTTATTAATTCGAGCTGAATTAGGAAATCCTGGATCTTTAATTGGAGATGATCAAATTTATAACACTATTGTAACAGCTCATGCTTTTATTATAATTTTTTTTATGGTTATACCAATCATAATTGGTGGATTTGGAAACTGATTGGTTCCTTTAATACTTGGAGCACCAGACATAGCTTTCCCACGAATAAATAACATAAGATTTTGATTATTACCCCCATCATTAACTTTATTAATTTCTAGAAGAATTGTAGAAAATGGAGCAGGAACAGGATGAACAGTTTACCCCCCACTTTCATCAAATATTGCCCATGGAGGAAGATCTGTAGATTTAGCAATTTTTTCCTTACATTTAGCAGGAATTTCTTCAATTTTAGGAGCTATTAATTTTATTACAACAATTATTAATATACGAATTAATAGATTATCTTTTGATCAAATACCTTTATTCGTTTGAGCTGTAGGTATTACAGCATTATTACTTTTATTATCTTTACCAGTTTTAGCTGGAGCTATCACTATATTATTAACAGATCGAAATTTAAATACATCTTTTTTTGATCCAGCTGGAGGAGGAGATCCTATTTTATATCAACATTTATTT	2833269	IBLPC889-11[LepF1,LepR1]_R.ab1	http://trace.boldsystems.org/traceIO/bold.org/2510227	2011-03-26T00:50:01	Biodiversity Institute of Ontario	R	LepR1	COI-5P
ITSAB3723-14	AJ550591	4688693	Hedberg 82011 (UPS)	AJ550591	Mined from GenBank, NCBI			12	Magnoliophyta	41	Magnoliopsida	121216	Lamiales	121520	Scrophulariaceae			350972	Manulea	626953	Manulea bellidifolia																							Manulea bellidifolia										Lesotho														6414424	ITS2	AJ550591	ATCGCGTCGCCCCCCCTCCTCTCTCCCCTTTGGGGCGAGCGGAACGGGGGGCGGATATTGGCCTCCCGTGCGCCTTGGTGCGCGGTTGGCCCAAATATGATCCCGCGTCGTCGCGTGCTGCGATCAGTGGTGGTGTTGTTTTCAACTCGCTTCCTGTCGTGGCGAATCGCGTCGTTCGTCCGGGCATCGTCACAGACCCCTTTGGAGCTCGAGAGAGCCCCCTCGACGGCGACCCCATGTCAGGCGGGATTACCCGCTGAGTTTAAGCATATCAATAAGCGGAGGAAAAGAAACTTACAAGGATTCCCC								
ITSAE3647-14	DQ194026	4673337	Duckett 34026	DQ194026	Mined from GenBank, NCBI			256173	Marchantiophyta	273783	Jungermanniopsida	397492	Jungermanniales	414106	Plagiochilaceae			427175	Plagiochila	445422	Plagiochila lunata																							Plagiochila lunata										Lesotho														6405622	ITS2	DQ194026	GCAACCCCATCTGGATGCTCTCCAGTGTGGAATTGGCCGTCCAGGACCCGGCGTAGAGCTTTGGGTCGTGGTGGGCTGAAATTTAGCTATCTGGGCGCAGCCAAAGAGAGAGGCCGCGAGAAGGTGGTTCGCTCTTGACGGAGCGGAGTCTAGTTGGACAGCGCCTCTCCCTTTGGTGGTCTAGACGGTGGCACTCAAACGTGTCATTGGGGAGTGCAAGCAACGTTGCATCTCCCCTCCCCCTTAGCTTGGAC								
ITSAG2659-14	EF538201	4707621	B. Nordenstam 9409	EF538201	Mined from GenBank, NCBI			12	Magnoliophyta	41	Magnoliopsida	35476	Asterales	100962	Asteraceae			351272	Euryops	615799	Euryops acraeus																							Euryops acraeus										Lesotho														6394735	ITS2	EF538201	ATCGCGTCGCCCCCCACAACATCTCTTGATTGGGATGTTGGAATGGGGGCGGATATTGGTCTCCCGTTCCTAAGGTTCGGTTGGCTAAAATAGGAGTCCCCTTCGAAGGACGCACGATTAGTGGTGGTTGTCAAGACCTTCTTATCGACTCGTGCGTTACAAGTAGCAGGGAAGATCTCTTCAAAGACCCTAATGTGTTGTCTTGTGACAATGCTTCGACC								
ITSAG2660-14	EF538202	4707622	B. Nordenstam 9409	EF538202	Mined from GenBank, NCBI			12	Magnoliophyta	41	Magnoliopsida	35476	Asterales	100962	Asteraceae			351272	Euryops	615799	Euryops acraeus																							Euryops acraeus										Lesotho														6394736	ITS2	EF538202	ATCGCGTCGCCCCCCACAACATCTCTTGATTGGGATGTTGGAATGGGGGCGGATATTGGTCTCCCGTTCCTAAGGTTCGGTTGGCTAAAATAGGAGTCCCCTTCGAAGGACGCACGATTAGTGGTGGTTGTCAAGACCTTCTTATCGACTCGTGCGTTACAAGTAGCAGGGAAGATCTCTTCAAAGACCCTAATGTGTTGTCTTGTGACAATGCTTCGACC								
ITSAG2661-14	EF538203	4707623	B. Nordenstam 9407	EF538203	Mined from GenBank, NCBI			12	Magnoliophyta	41	Magnoliopsida	35476	Asterales	100962	Asteraceae			351272	Euryops	615801	Euryops decumbens																							Euryops decumbens										Lesotho														6394737	ITS2	EF538203	ATCGCGTCGCCCCCCACAACATCTCTTGATCGGGATGTTGGAATGGGGGCGGATATTGGTCTCCCGTTCCTAAGGTACGGTTGGCTAAAATAGGAGTCCCCTTCGAAGGACGCACGATTAGTGGTGGTTGTCAAGACCTTCTTATCGACTCGTGCGTTACAAGTAGTAGGGAAGATCTTTTCAAAGACCCTAATGTGTTGTCTCGTGACAATGCTTCGACC								
ITSAG2662-14	EF538204	4707624	B. Nordenstam 9412	EF538204	Mined from GenBank, NCBI			12	Magnoliophyta	41	Magnoliopsida	35476	Asterales	100962	Asteraceae			351272	Euryops	615801	Euryops decumbens																							Euryops decumbens										Lesotho														6394738	ITS2	EF538204	ATCGCGTCGCCCCCCACAACATCTCTTGATCGGGATGTTGGAATGGGGGCGGATATTGGTCTCCCGTTCCTAAGGTACGGTTGGCTAAAATAGGAGTCCCCTTCGAAGGACGCACGATTAGTGGTGGTTGTCAAGACCTTCTTATCGACTCGTGCGTTACAAGTAGTAGGGAAGATCTTTTCAAAGACCCTAATGTGTTGTCTCGTGACAATGCTTCGACC								
ITSAG2774-14	EF538324	4707736	R.D.A. Bayliss BS-Lesotho 81	EF538324	Mined from GenBank, NCBI			12	Magnoliophyta	41	Magnoliopsida	35476	Asterales	100962	Asteraceae			125029	Senecio	633245	Senecio decurrens																							Senecio decurrens										Lesotho														6441834	ITS2	EF538324	ATCGCGTCGCCCCCATCACACCTCTTGACGGGGATGTTTGAATGGGGACGGAGATTGGTCTCCCATTCCTAAGGTGTGGTTGGCTGAATTTTGAGTCCTCTTCGACGGACGCACGATTAGTGGTGGTTGACAAGACCTTCTTATCGAGTCGTGTGTTCCAAGGAGTAAGGAAGATCTCTTTGATGACCCTAATGTGTCGTCTCATGACGATGCTCCGACT								
ITSAH2036-14	EU563778	4652580	J.G. Duckett et al. 3349a  herb. Hodgetts	EU563778	Mined from GenBank, NCBI			176192	Bryophyta	176410	Bryopsida	210668	Hypnales	410414	Amblystegiaceae			410949	Scorpidium	615346	Scorpidium revolvens																							Scorpidium revolvens										Lesotho		Mokhotlong												6418934	ITS2	EU563778	CGTCCCCCCACCGCTCCACTCCCGCCGGGAGTCGGGTCGAGTGAAAGTGGCCATCCCGGTGGGCCTTCGAAGGAAGGCTTTAAGGGTTGGCTGAAATGGAGGGAATCGGGCCGCCGTGGTGACACAGTCCGCGATCGGGTGATCCGAGCTCCTCTGGGAGCCCGGAATTTTTCTAAGTGCGTGGCTGTGTCCCCCAGTTGGTTGTGTTTACCTCATGCAGGTCGAGCGCGCCCCCGTGGCGTGCGTCACGCAT								
ITSAH2037-14	EU563779	4652581	J.G. Duckett et al. 3306a  herb. Hodgetts	EU563779	Mined from GenBank, NCBI			176192	Bryophyta	176410	Bryopsida	210668	Hypnales	410414	Amblystegiaceae			410949	Scorpidium	615346	Scorpidium revolvens																							Scorpidium revolvens										Lesotho		Butha-Buthe												6418935	ITS2	EU563779	CGTCCCCCCACCGCTCCACTCCCGCCGGGAGTCGGGTCGAGTGAAAGTGGCCATCCCGGTGGGCCTTCGAAGGAAGGCTTTAAGGGTTGGCTGAAATGGAGGGAATCGGGCCGCCGTGGTGACACAGTCCGCGATCGGGTGATCCGAGCTCCTCTGGGAGCCCGGAATTTTTCTAAGTGCGTGGCTGTGTCCCCCAGTTGGTTGTGTTTACCTCATGCAGGTCGAGCGCGCCCCCGTGGCGTGCGTCACGCAT								
ITSAI3501-14	FJ665991	4678189	L.  and  N. Zeltner 050304-1a (NEU)	FJ665991	Mined from GenBank, NCBI			12	Magnoliophyta	41	Magnoliopsida	121212	Gentianales	121708	Gentianaceae			351014	Sebaea	444068	Sebaea filiformis																							Sebaea filiformis										Lesotho														6424152	ITS2	FJ665991	CATCGCGTCGCCCCCCACCAACCCCGTGCACGCACGGGCTTGGGACGGCGGGGACGGACAGTGGCTTCCCGTGCCCCGTGCGCGGCTGGCCTAAACGCGAGTCCCTTGCGACGGACACGACGACAAGTGGTGGTTGACTATCTCAACTCGAGTCCTGTCGCGCGTACCCCGTCGAAGTAGGAGACTGACCGACCCTGCGCGCGTGTCGACAAGGCGCACGCAACGA								
ITSAI3522-14	FJ666012	4678210	J. Kissling  and  L. Zeltner 16 (NEU)	FJ666012	Mined from GenBank, NCBI			12	Magnoliophyta	41	Magnoliopsida	121212	Gentianales	121708	Gentianaceae			351014	Sebaea	444076	Sebaea thodeana																							Sebaea thodeana										Lesotho														6419203	ITS2	FJ666012	CATCGCGTCGCCCCCCACCAAANCCGCGCACGACCGTGCACGGACTTNGGATGGCGGGGACGGACAGTGGCTTCCCGTGCCCCGTGCGCGGNTGGCNTAAACNCGAGTCCCCTGNGACGGACGCGACGACAAATGGTGGTTGATTATCTCAANTCGAGNGCTGTCGCGCGGCTCTCCGTCGAANTANGAGACTGCCCGACCCTGCGCGCGCGCCGACAAGGCGCACGCAACGA								
ITSAI3524-14	FJ666014	4678212	J. Kissling  and  L. Zeltner 29 (NEU)	FJ666014	Mined from GenBank, NCBI			12	Magnoliophyta	41	Magnoliopsida	121212	Gentianales	121708	Gentianaceae			351014	Sebaea	425544	Sebaea thomasii																							Sebaea thomasii										Lesotho														6419204	ITS2	FJ666014	CATCGCGTCGCCCCCCACCAAACCCGCGCACGACCGTGCACGGACTTGGGATGGCGGGGACGGACAGTGGCTTCCCGTGCCCCGTGCGCGGCTGGCCTAAACGCGAGTCCCTTGCGACGGACGCGACGACAAGTGGTGGTTGATTATCTCAACTCGAGTGCTGTCGCGCGGCTCCCCGTCGAAGTAGGAGACTGCCCGACCCTGCGCGCGCGTCGACAAGGCGCACGCAACGA								
ITSAK3706-14	GU818650	4723662	F.K. Hoener 2104	GU818650	Mined from GenBank, NCBI			12	Magnoliophyta	41	Magnoliopsida	35476	Asterales	100962	Asteraceae			125029	Senecio	422652	Senecio gramineus					Harv.																		Senecio gramineus										Lesotho														6408036	ITS2	GU818650	ATCGCGTCGCCCCCATCACACCTCTTGACGGGGATGTTTGAATGGGGACGGAGATTGGTCTCCCGTTCCTAAGGTGCGGTTGGCTGAATTTTGAGTCCTCTTCGACGGACGCACGATTAGTGGTGGTTGACAAGACCTTCTTATCGAGTCGTGTGTTCCAAGGAGTAAGGAAGATCTCTTTAATGACCCTAATGCGTCGTCTCATGACGATGATCCGACT								
ITSAN210-14	JN789791	4700174	C. Coyle 11775	JN789791	Mined from GenBank, NCBI			12	Magnoliophyta	41	Magnoliopsida	35476	Asterales	100962	Asteraceae			125029	Senecio	421604	Senecio inaequidens					DC.																		Senecio inaequidens										Lesotho														6399245	ITS2	JN789791	ATCGCGTCGCCCCCATCACACCTCTTGACGGGGATGTTTGAATGGGGAGCGGAGATTGGTCTCCCGTTCCTAAGGTGCGGTTGGCTGAATTTTGAGTCCTCTTCGATGGACGCACGATTAGTGGTGGTTGACAAGACCTTCTTATCGAGTCGTGTGTTCCTAGGAGTAAGGAAGATCTCTATAATGACCCCAATGTGTCGTCTCATGACGATGCTCCGACT								
ITSAN211-14	JN789792	4700175	C. Coyle 11775	JN789792	Mined from GenBank, NCBI			12	Magnoliophyta	41	Magnoliopsida	35476	Asterales	100962	Asteraceae			125029	Senecio	421604	Senecio inaequidens					DC.																		Senecio inaequidens										Lesotho														6399246	ITS2	JN789792	ATCGCGTCGCCCCCATCACACCTCTTGACGGGGATGTTTGAATGGGGAGCGGAGATTGGTCTCCCGTTCCTAAGGTGCGGTTGGCTGAATTTTGAGTCCTCTTCGATGGACGCACGATTAGTGGTGGTTGACAAGACCTTCTTATCGAGTCGTGTGTTCCTAGGAGTAAGGAAGATCTCTATAATGACCCCAATGTGTCGTCTCATGACGATGCTCCGACT								
ITSAN212-14	JN789794	4700176	C. Coyle 11985	JN789794	Mined from GenBank, NCBI			12	Magnoliophyta	41	Magnoliopsida	35476	Asterales	100962	Asteraceae			125029	Senecio	421604	Senecio inaequidens					DC.																		Senecio inaequidens										Lesotho														6399247	ITS2	JN789794	ATCGCGTCGCCCCCATCACACCTCTTGACGGGGATGTTTGAATGGGGAGCGGAGATTGGTCTCCCGTTCCTAAGGTGCGGTTGGCTGAATTTTGAGTCCTCTTCGATGGACGCACGATTAGTGGTGGTTGACAAGACCTTCTTATCGAGTCGTGTGTTCCTAGGAGTAAGGAAGATCTCTATAATGACCCCAATGTGTCGTCTCATGACGATGCTCCGACT								
ITSAN213-14	JN789795	4700177	C. Coyle 11985	JN789795	Mined from GenBank, NCBI			12	Magnoliophyta	41	Magnoliopsida	35476	Asterales	100962	Asteraceae			125029	Senecio	421604	Senecio inaequidens					DC.																		Senecio inaequidens										Lesotho														6399248	ITS2	JN789795	ATCGCGTCGCCCCCATCACACCTCTTGACGGGGATGTTTGAATGGGGAGCGGAGATTGGTCTCCCGTTCCTAAGGTGCGGTTGGCTGAATTTTGAGTCCTCTTCGATGGACGCACGATTAGTGGTGGTTGACAAGACCTTCTTATCGAGTCGTGTGTTCCTAGGAGTAAGGAAGATCTCTATAATGACCCCAATGTGTCGTCTCATGACGATGCTCCGACT								
ITSAN214-14	JN789796	4700178	C. Coyle 11985	JN789796	Mined from GenBank, NCBI			12	Magnoliophyta	41	Magnoliopsida	35476	Asterales	100962	Asteraceae			125029	Senecio	421604	Senecio inaequidens					DC.																		Senecio inaequidens										Lesotho														6399249	ITS2	JN789796	ATCGCGTCGCCCCCATCACACCTCTTGACGGGGATGTTTGAATGGGGAGCGGAGATTGGTCTCCCGTTCCTAAGGTGCGGTTGGCTGAATTTTGAGTCCTCTTCGATGGACGCACGATTAGTGGTGGTTGACAAGACCTTCTTATCAAGTCGTGTGTTCCTAGGAGTAAGGAAGATCTCTATAATGACCCCAATGTGTCGTCTCATGACGATGCTCCGACT								
ITSAN215-14	JN789797	4700179	C. Coyle 12080	JN789797	Mined from GenBank, NCBI			12	Magnoliophyta	41	Magnoliopsida	35476	Asterales	100962	Asteraceae			125029	Senecio	421604	Senecio inaequidens					DC.																		Senecio inaequidens										Lesotho														6399250	ITS2	JN789797	ATCGCGTCGCCCCCATCACACCTCTTGACGGGGATGTTTGAATGGGGAGCGGAGATTGGTCTCCCGTTCCTAAGGTGCGGTTGGCTGAATTTTGAGTCCTCTTCGATGGACGCACGATTAGTGGTGGTTGACAAGACCTTCTTATCGAGTCGTGTGTTCCTAGGAGTAAGGAAGATCTCTATAATGACCCCAATGTGTCGTCTCATGACGATGCTCCGACT								
ITSAN216-14	JN789798	4700180	C. Coyle 12080	JN789798	Mined from GenBank, NCBI			12	Magnoliophyta	41	Magnoliopsida	35476	Asterales	100962	Asteraceae			125029	Senecio	421604	Senecio inaequidens					DC.																		Senecio inaequidens										Lesotho														6399251	ITS2	JN789798	ATCGCGTCGCCCCCATCACACCTCTTGACGGGGATGTTTGAATGGGGAGCGGAGATTGGTCTCCCGTTCCTAAGGTGCGGTTGGCTGAATTTTGAGTCCTCTTCGATGGACGCACGATTAGTGGTGGTTGACAAGACCTTCTTATCAAGTCGTGTGTTCCTAGGAGTAAGGAAGATCTCTATAATGACCCCAATGTGTCGTCTCATGACGATGCTCCGACT								
ITSAN217-14	JN789799	4700181	C. Coyle 12080	JN789799	Mined from GenBank, NCBI			12	Magnoliophyta	41	Magnoliopsida	35476	Asterales	100962	Asteraceae			125029	Senecio	421604	Senecio inaequidens					DC.																		Senecio inaequidens										Lesotho														6399252	ITS2	JN789799	ATCGCGTCGCCCCCATCACACCTCTTGACGGGGATGTTTGAATGGGGAGCGGAGATTGGTCTCCCGTTCCTAAGGTGCGGTTGGCTGAATTTTGAGTCCTCTTCGATGGACGCACGATTAGTGGTGGTTGACAAGACCTTCTTATCAAGTCGTGTGTTCCTAGGAGTAAGGAAGATCTCTATAATGACCCCAATGTGTCGTCTCATGACGATGCTCCGACT								
ITSAN218-14	JN789800	4700182	C. Coyle 12080	JN789800	Mined from GenBank, NCBI			12	Magnoliophyta	41	Magnoliopsida	35476	Asterales	100962	Asteraceae			125029	Senecio	421604	Senecio inaequidens					DC.																		Senecio inaequidens										Lesotho														6399253	ITS2	JN789800	ATCGCGTCGCCCCCATCACACCTCTTGACGGGGATGTTTGAATGGGGAGCGGAGATTGGTCTCCCGTTCCTAAGGTGCGGTTGGCTGAATTTTGAGTCCTCTTCGATGGACGCACGATTAGTGGTGGTTGACAAGACCTTCTTATCAAGTCGTGTGTTCCTAGGAGTAAGGAAGATCTCTATAATGACCCCAATGTGTCGTCTCATGCCGATGCTCCGACT								
ITSAN219-14	JN789801	4700183	C. Coyle 12080	JN789801	Mined from GenBank, NCBI			12	Magnoliophyta	41	Magnoliopsida	35476	Asterales	100962	Asteraceae			125029	Senecio	421604	Senecio inaequidens					DC.																		Senecio inaequidens										Lesotho														6399254	ITS2	JN789801	ATCGCGTCGCCCCCATCACACCTCTTGACGGGGATGTTTGAATGGGGAGCGGAGATTGGTCTCCCGTTCCTAAGGTGCGGTTGGCTGAATTTTGAGTCCTCTTCGATGGACGCACGATTAGTGGTGGTTGACAAGACCTTCTTATCAAGTCGTGTGTTCCTAGGAGTAAGGAAGATCTCTATAATGACCCCAATGTGTCGTCTCATGACGATGCTCCGACT								
ITSAN220-14	JN789802	4700184	C. Coyle 12991	JN789802	Mined from GenBank, NCBI			12	Magnoliophyta	41	Magnoliopsida	35476	Asterales	100962	Asteraceae			125029	Senecio	421604	Senecio inaequidens					DC.																		Senecio inaequidens										Lesotho														6399255	ITS2	JN789802	ATCGCGTCGCCCCCATCACACCTCTTGACGGGGATGTTTGAATGGGGAGCGGAGATTGGTCTCCCGTTCCTAAGGTGCGGTTGGCTGAATTTTGAGTCCTCTTCGATGGACGCACGATTAGTGGTGGTTGACAAGACCTTCTTATCGAGTCGTGTGTTCCTAGGAGTAAGGAAGATCTCTATAATGACCCCAATGTGTCGTCTCATGACGATGCTCCGACT								
ITSAN221-14	JN789803	4700185	C. Coyle 12991	JN789803	Mined from GenBank, NCBI			12	Magnoliophyta	41	Magnoliopsida	35476	Asterales	100962	Asteraceae			125029	Senecio	421604	Senecio inaequidens					DC.																		Senecio inaequidens										Lesotho														6399256	ITS2	JN789803	ATCGCGTCGCCCCCATCACACCTCTTGACGGGGATGTTTGAATGGGGAGCGGAGATTGGTCTCCCGTTCCTAAGGTGCGGTTGGCTGAATTTTGAGTCCTCTTCGATGGACGCACGATTAGTGGTGGTTGACAAGACCTTCTTATCGAGTCGTGTGTTCCTAGGAGTAAGGAAGATCTCTATAATGACCCCAATGTGTCGTCTCATGACGATGCTCCGACT								
ITSAN222-14	JN789804	4700186	C. Coyle 12991	JN789804	Mined from GenBank, NCBI			12	Magnoliophyta	41	Magnoliopsida	35476	Asterales	100962	Asteraceae			125029	Senecio	421604	Senecio inaequidens					DC.																		Senecio inaequidens										Lesotho														6399257	ITS2	JN789804	ATCGCGTCGCCCCCATCACACCTCTTGACGGGGATGTTTGAATGGGGGGCGGAGATTGGTCTCCCGTTCCTAAGGTGCGGTTGGCTGAATTTTGAGTCCTCTTCGATGGACGCACGATTAGTGGTGGTTGACAAGACCTTCTTATCGAGTCGTGTGTTCCTAGGAGTAAGGAAGATCTCTATAATGACCCCAATGTGTCGTCTCATGACGATGCTCCGACT								
ITSAN223-14	JN789805	4700187	C. Coyle 12991	JN789805	Mined from GenBank, NCBI			12	Magnoliophyta	41	Magnoliopsida	35476	Asterales	100962	Asteraceae			125029	Senecio	421604	Senecio inaequidens					DC.																		Senecio inaequidens										Lesotho														6399258	ITS2	JN789805	ATCGCGTCGCCCCCATCACACCTCTTGACGGGGATGTTTGAATGGGGAGCGGAGATTGGTCTCCCGTTCCTAAGGTGCGGTTGTCTGAATTTTGAGTCCTCTTCGATGGACGCACGATTAGTGGTGGTTGACAAGACCTTCTTATCCAGTCGTGTGTTCCTAGGAGTAAGGAAGATCTCTAAAATGACCCCAATGTGTCGTCTCATGACGATGCTCCGACT								
ITSAN224-14	JN789806	4700188	C. Coyle 12991	JN789806	Mined from GenBank, NCBI			12	Magnoliophyta	41	Magnoliopsida	35476	Asterales	100962	Asteraceae			125029	Senecio	421604	Senecio inaequidens					DC.																		Senecio inaequidens										Lesotho														6399259	ITS2	JN789806	ATCGCGTCGCCCCCATCACACCTCTTGACGGGGATGTTTGAATGGGGAGCGGAGATTGGTCTCCCGTTCCTAAGGTGCGGTTGGCTGAATTTTGAGTCCTCTTCGATGGACGCACGATTAGTGGTGGTTGACAAGACCTTCTTATCAAGTCGTGTGTTCCTAGGAGTAAGGAAGATCTCTATAATGACCCCAATGTGTCGTCTCATGACGATGCTCCGACT								
KNPB075-10	PRE265	1468184	Moss H. 1735		South African National Biodiversity Institute			12	Magnoliophyta	44	Liliopsida	200	Poales											Lyn Fish							Moss, H.															-29.35	29.35							Lesotho					1044374	http://www.boldsystems.org/pics/KNPB/PRE265+1297459124.jpg	Herbarium Specimen		Olivier Maurin	2011	No Rights Reserved	University of Johannesburg	Olivier Maurin	3605076	rbcLa		GGTGTT---GGATTTCAAGCTGGTGTTAAAGATTATAAATTGACTTACTACACCCCGGAATATGAAACCAAGGATACTGATATCTTGGCAGCATTCCGAGTAACTCCTCAGCCCGGGGTTCCGCCTGAAGAAGCAGGGGCTGCAGTAGCTGCGGAATCTTCTACTGGTACATGGACAACTGTTTGGACTGATGGACTTACCAGTCTTGATCGTTACAAAGGACGATGCTATCACATCGAACCCGTTCCTGGGGAAGACAGTCAATATATCTGTTATGTAGCTTATCCATTAGATCTATTTGAAGAGGGTTCTGTTACTAACATGTTTACTTCCATTGTGGGTAACGTATTTGGTTTCAAAGCCCTACGTGCTCTACGTTTGGAGGATCTACGAATTCCTCCTGCTTATTCAAAAACTTTTCAAGGTCCGCCTCATGGTATCCAAGTTGAAAGGGATAAGTTGAACAAGTATGGTCGTCCTTTATTGGGATGTACTATTAAACCAAAATTGGGATTATCCGCAAAAAATTATGGTAGAGCATGTTATGAGTGTCTA	2168474	KNPB075-10[rbcLa-F,rbcLa-R]_F.ab1	http://trace.boldsystems.org/traceIO/bold.org/1872626	2010-06-17T04:59:14	Biodiversity Institute of Ontario	F	rbcLa-F	rbcLa
KNPB079-10	PRE269	1468188	Braun K.P. 2248		South African National Biodiversity Institute			12	Magnoliophyta	44	Liliopsida	200	Poales											Lyn Fish							Braun, K.P.															-29.3517	28.5206							Lesotho														3605013	rbcLa		GGTGTT---GGATTTCAAGCTGGTGTTAAAGATTATAAATTGACTTACTACACCCCGGAATACGAAACCAAGGATACTGATATCTTGGCAGCATTCCGAGTAACTCCTCAGCCCGGGGTTCCGCCTGAAGAAGCTGGGGCTGCAGTGGCTGCGGAATCTTCTACTGGTACATGGACAACTGTTTGGACTGATGGACTTACCAGTCTTGATCGTTACAAAGGACGATGCTATCACATCGAACCCGTTCCTGGGGAAGAGGAGCAATATATCTGTTATGTAGCTTATCCATTAGATCTATTTGAAGAGGGTTCTGTTACTAACATGTTTACTTCCATTGTGGGTAACGTATTTGGTTTCAAAGCCCTACGTGCTCTACGTTTGGAGGATCTACGAATTCCTGCTGCTTATGCAAAAACTTTCCACGGTCCGCCTCATGGTATCCAAGTTGAAAGGGATAAGTTGAACAAGTATGGGCGTCCTTTATTGGGATGTACTATTAAACCAAAATTGGGATTATCCGCAAAAAATTACGGTAGAGCATGTTATGAGTGTCTA	2168480	KNPB079-10[rbcLa-F,rbcLa-R]_F.ab1	http://trace.boldsystems.org/traceIO/bold.org/1872632	2010-06-17T04:59:14	Biodiversity Institute of Ontario	F	rbcLa-F	rbcLa
KNPB112-10	PRE302	1468221	Killick D.J.B. 06021991		South African National Biodiversity Institute			12	Magnoliophyta	44	Liliopsida	200	Poales											Lyn Fish							Killick, D.J.B.															-28.9167	28.8167							Lesotho					1051288	http://www.boldsystems.org/pics/KNPB/PRE302+1298472400.jpg	Herbarium Specimen		Olivier Maurin		No Rights Reserved	University of Johannesburg	Olivier Maurin	3605600	rbcLa		AGTGTT---GGATTTCAAGCTGGTGTTAAAGATTATAAATTGACTTACTACACCCCGGAGTATGAAACCAAGGATACTGATATCTTGGCAGCATTCCGAGTAACTCCTCAACCTGGGGTTCCGCCGGAAGAAGCAGGGGCTGCAGTAGCTGCCGAATCTTCTACTGGTACATGGACAACTGTTTGGACTGATGGACTTACCAGTCTTGATCGTTATAAAGGACGATGCTATCACATCGAGCCTGTTGCTGGGGAAGACAACCAATGGATCTGTTATGTAGCTTATCCATTAGACCTATTTGAAGAGGGTTCCGTTACTAACATGTTTACTTCCATTGTGGGTAACGTATTTGGTTTCAAAGCCCTACGTGCTCTACGTCTGGAGGATCTACGAATTCCCCCTGCTTATACAAAAACTTTCCAAGGCCCGCCTCATGGTATCCAAGTTGAAAGAGATAAGTTGAACAAGTATGGTCGTCCTTTATTGGGATGTACTATTAAACCAAAATTGGGATTATCCGCAAAAAATTACGGTAGAGCGTGTTATGAGTGTCTA	2168538	KNPB112-10[rbcLa-F,rbcLa-R]_F.ab1	http://trace.boldsystems.org/traceIO/bold.org/1872690	2010-06-16T19:45:27	Biodiversity Institute of Ontario	F	rbcLa-F	rbcLa
KNPB246-10	PRE436	1468355	Braun K.P.1018		South African National Biodiversity Institute			12	Magnoliophyta	44	Liliopsida	200	Poales											Lyn Fish							Braun, K.P.															-28.9781	29.8861							Lesotho														3669874	rbcLa		AGTGTT---GGATTTAAAGCCGGTGTTAAAGATTATAAATTGACTTATTACACCCCAGAGTACGAAACCAAGGATACTGATATCTTGGCAGCATTCCGAGTAACTCCTCAGCCCGGGGTTCCCCCTGAAGAAGCGGGAGCTGCAGTAGCTGCGGAATCTTCTACTGGTACATGGACAACTGTTTGGACTGATGGACTTACTAGTCTTGATCGTTACAAAGGACGATGCTATCACATCGAGCCCGTTCCTGGAGACGAAGGTCAATATATCTGTTATGTAGCTTATCCATTAGACCTATTTGAAGAGGGTTCTGTTACTAACATGTTTACTTCCATTGTGGGTAACGTATTTGGTTTCAAAGCCCTACGTGCTCTACGTTTGGAGGATCTACGAATTCCTACTACTTATTCAAAAACTTTCCAAGGTCCGCCTCATGGTATCCAAGTTGAAAGGGATAAGTTGAACAAGTATGGCCGTCCTTTATTGGGATGTACTATTAAACCAAAATTAGGATTATCCGCAAAAAATTATGGTAGAGCGTGTTATGAGTGTCTA	2462747	KNPB246-10[rbcLa-F,rbcLa-R]_F.ab1	http://trace.boldsystems.org/traceIO/bold.org/2153865	2010-08-26T13:24:15	Biodiversity Institute of Ontario	F	rbcLa-F	rbcLa
KNPB282-10	PRE472	1468391	Moss H.1264		South African National Biodiversity Institute			12	Magnoliophyta	44	Liliopsida	200	Poales											Lyn Fish							Moss, H.															-29.4125	28.4158							Lesotho														3669905	rbcLa		GGTGTT---GGATTTCAAGCTGGTGTTAAAGATTATAAATTGACTTACTACACCCCAGAGTATGAAACTAAGGATACTGATATCTTGGCAGCATTCCGAGTAAGTCCTCAGCCTGGGGTTCCGCCCGAAGAAGCAGGGGCTGCAGTAGCTGCCGAATCTTCTACTGGTACATGGACAACTGTTTGGACTGATGGACTTACCAGTCTTGATCGTTACAAAGGACGATGCTATCACATCGAGCCTGTTGCTGGGGAAGACAACCAATGGATCTGTTATGTAGCTTATCCATTAGACCTATTTGAAGAGGGTTCCGTTACTAACATGTTTACTTCCATTGTGGGTAACGTGTTTGGTTTCAAAGCCCTACGTGCTCTACGTTTGGAGGATCTACGAATTCCCCCTACTTATTCAAAAACTTTCCAAGGCCCGCCTCATGGTATCCAAGTTGAAAGAGATAAGTTGAACAAGTATGGTCGTCCTTTATTGGGATGTACTATTAAACCAAAATTGGGATTATCCGCAAAAAATTATGGTAGAGCGTGTTATGAGTGTCTA	2462809	KNPB282-10[rbcLa-F,rbcLa-R]_F.ab1	http://trace.boldsystems.org/traceIO/bold.org/2153927	2010-08-26T13:24:15	Biodiversity Institute of Ontario	F	rbcLa-F	rbcLa
KNPB326-10	PRE516	1468435	Smook L.7108		South African National Biodiversity Institute			12	Magnoliophyta	44	Liliopsida	200	Poales											Lyn Fish							Smook, L.															-29.7475	28.2536							Lesotho														3604051	rbcLa		AGTGTT---GGATTTCAAGCCGGTGTTAAAGATTATAAATTGACTTATTACACTCCGGAATACGAAACCAAGGATACTGATATCTTGGCAGCATTCCGAGTAACTCCTCAGCCCGGGGTTCCGCCTGAAGAAGCAGGGGCTGCAGTAGCTGCGGAATCTTCTACTGGTACATGGACAACTGTTTGGACTGATGGACTTACTAGTCTTGATCGTTACAAAGGACGATGCTATCACATCGAGCCCGTTCCTGGGGAGGAAGGTCAATATATCTGTTATGTAGCTTATCCATTAGACCTATTTGAAGAGGGTTCTGTTACTAACATGTTTACTTCCATTGTGGGTAACGTATTTGGTTTCAAAGCCCTACGTGCTCTACGTTTGGAGGATCTACGAATTCCTCCTACTTATTCAAAAACTTTCCAAGGTCCGCCTCATGGTATCCAAGTTGAAAGGGATAAGTTGAACAAGTATGGTCGTCCTTTATTGGGATGTACTATTAAACCAAAATTGGGATTATCCGCAAAAAATTATGGTAGAGCGTGTTATGAGTGTCTA	2168232	KNPB326-10[rbcLa-F,rbcLa-R]_F.ab1	http://trace.boldsystems.org/traceIO/bold.org/1872384	2010-06-16T20:24:30	Biodiversity Institute of Ontario	F	rbcLa-F	rbcLa
KNPB327-10	PRE517	1468436	Schmitz M.8573		South African National Biodiversity Institute			12	Magnoliophyta	44	Liliopsida	200	Poales											Lyn Fish							Schmitz, M.															-29.4386	27.8594							Lesotho														3777569	matK		---------------------------------------------------------------------------------------------------------------------------------------------ATTACTTCA------ATG---------------AAATCGATTTTT---CTTTTTTCAAAA------------------------------GAAAATAAAAGANTATTTCGATTCCTATATAAC------------TCTTATGTATCAGAATATGAATTTTTCTTG---TTGTTTCTCCGTAAACAATCTTCT---TGCTTACGATTAACA---TCTTCTGGAACCTTTCTGGAACGAATCCACTTTTCTAGGAAGATGGAACATTTTGGGGTAATGTAC------------------------CCAGGGTTT------------TTTCGG---------------------------------------AAA------ACCATATGGATCTTTATGGATCCT------CTTATGCATTATGTTCGATATCAAGGAAAGGCAATTCTTGCATCA------AAAGGAACTCTT------CTTTTGAAGAAG---------AAATGGAAATCTTACCTTGTCAATTTCTCCCAATATTTTTTCTCTTTTTGGACTCAACCCCAAAGGATCCGTCTAAAC---------CAATTAACAAACTCT------TGCTTCGATTTTCTGGGG------TACCTTTCAAGT------GTACCAATAAATACTTTGTTAGTAAGA------AATCAAATGCTGGAGAATTCT------TTTCTAATAGATACT------CGAATGAAAAAATTCGATACCACAGCCCCCGCTACTCCCCTCATTGGATCCTTATCAAAAGCTCAATTTTGTACTGGATCGGGGCATCCTATTAGTAAACCCGTTTGGACC---GATTTATCAGATTGGGATATTCTTGATCGCTTTGGTCGGATATGTAGAAATCTTTTTCATTATCAT---AGTGGATCTTCGAAAAAACAGACTTTGTAT-------------------------------------------	2168234	KNPB327-10[rbcLa-F,rbcLa-R]_F.ab1	http://trace.boldsystems.org/traceIO/bold.org/1872386	2010-06-16T20:24:30	Biodiversity Institute of Ontario	F	rbcLa-F	rbcLa
KNPB334-10	PRE524	1468443	Moss H.1177		South African National Biodiversity Institute			12	Magnoliophyta	44	Liliopsida	200	Poales											Lyn Fish							Moss, H.															-29.7656	29.0947							Lesotho					937458	http://www.boldsystems.org/pics/KNPB/PRE524Merxmuellera_guillarmodiae+1289450456.jpg	Herbarium Specimen				No Rights Reserved			3604043	rbcLa		GGTGTT---GGATTTCAAGCCGGTGTTAAAGATTATAAATTGACTTATTACACTCCAGAGTACGAAACTAAGGATACTGATATCTTGGCAGCATTCCGAGTAACTCCTCAGCCTGGGGTTCCCCCTGAAGAAGCAGGAGCTGCAGTAGCTGCGGAATCTTCTACTGGTACATGGACAACTGTTTGGACTGATGGACTTACCAGTCTTGATCGTTACAAAGGACGATGCTATCACATCGAGCCCGTTCCTGGGGATGAAGGGCAATATATCTGTTATGTAGCTTACCCATTAGACCTATTTGAAGAGGGTTCTGTTACTAACATGTTTACTTCCATTGTGGGTAATGTATTTGGTTTCAAAGCCCTACGTGCTCTACGTTTGGAGGATCTACGAATTCCTCCTACTTATTCAAAAACTTTCCAAGGTCCGCCTCACGGTATCCAAGTTGAAAGGGATAAGTTGAACAAGTATGGCCGTCCTTTATTGGGATGTACTATTAAACCAAAATTGGGATTATCCGCAAAAAATTATGGTAGAGCGTGTTATGAATGTTTA	2168248	KNPB334-10[rbcLa-F,rbcLa-R]_F.ab1	http://trace.boldsystems.org/traceIO/bold.org/1872400	2010-06-16T20:24:30	Biodiversity Institute of Ontario	F	rbcLa-F	rbcLa
KNPB339-10	PRE529	1468448	Moss H.1134		South African National Biodiversity Institute			12	Magnoliophyta	44	Liliopsida	200	Poales											Lyn Fish							Moss, H.															-29.8597	29.1208							Lesotho					937462	http://www.boldsystems.org/pics/KNPB/PRE529.Poa_pratensis+1289450466.jpg	Herbarium Specimen				No Rights Reserved			3604038	rbcLa		AGTGTT---GGATTTCAAGCTGGTGTTAAAGATTATAAATTGACTTACTACACCCCGGAGTATGAAACCAAGGATACTGATATCTTGGCAGCATTCCGAGTAACTCCTCAGCCTGGGGTTCCCCCGGAAGAAGCAGGGGCTGCAGTAGCTGCCGAATCTTCTACTGGTACATGGACAACTGTTTGGACTGATGGACTTACCAGTCTTGATCGTTACAAAGGACGATGCTATCACATCGAGCCTGTTGCTGGGGAAGACAACCAATGGATCTGTTATGTAGCTTATCCATTAGACCTATTTGAAGAGGGTTCCGTTACTAACATGTTTACTTCCATTGTGGGTAACGTATTTGGTTTCAAAGCCCTACGTGCTCTACGTCTGGAGGATCTACGAATTCCCGTTGCTTATGCAAAAACTTTCCAAGGCCCGCCTCATGGTATCCAAGTTGAAAGAGATAAGTTGAACAAGTATGGTCGTCCTTTATTGGGATGTACTATTAAACCAAAATTGGGATTATCCGCAAAAAATTACGGTAGAGCGTGTTATGAATGTCTA	2168258	KNPB339-10[rbcLa-F,rbcLa-R]_F.ab1	http://trace.boldsystems.org/traceIO/bold.org/1872410	2010-06-16T20:24:30	Biodiversity Institute of Ontario	F	rbcLa-F	rbcLa
KNPB341-10	PRE531	1468450	Killick D.J.B.4487		South African National Biodiversity Institute			12	Magnoliophyta	44	Liliopsida	200	Poales											Lyn Fish							Killick, D.J.B.															-28.7867	28.6728							Lesotho					937464	http://www.boldsystems.org/pics/KNPB/PRE531.Poa_annua+1289450472.jpg	Herbarium Specimen				No Rights Reserved			3604036	rbcLa		AGTGTT---GGATTTAAAGCTGGTGTTAAAGATTATAAATTGACTTACTACACTCCGGAGTATGAAACCAAGGATACTGATATCTTGGCAGCATTCCGAGTAACTCCTCAGCCTGGAGTTCCCCCGGAAGAAGCAGGGGCTGCAGTAGCTGCCGAATCTTCTACTGGTACATGGACAACTGTTTGGACTGATGGACTTACCAGTCTTGATCGTTACAAAGGACGATGCTATCACATTGAGCCTGTTGCTGGGGAAGATAACCAATGGATCTGTTATGTAGCTTATCCATTAGATCTATTTGAAGAGGGTTCCGTTACTAACATGTTTACTTCCATTGTGGGTAACGTATTTGGTTTCAAAGCCCTACGTGCTCTACGTCTAGAGGATTTACGAATTCCCGTTGCTTATGCAAAAACTTTCCAAGGCCCGCCTCATGGTATCCAAGTTGAAAGAGATAAGTTGAACAAGTATGGTCGTCCTTTATTGGGATGTACTATTAAACCAAAATTGGGATTATCCGCAAAAAATTACGGTAGAGCGTGTTATGAGTGTCTA	2168262	KNPB341-10[rbcLa-F,rbcLa-R]_F.ab1	http://trace.boldsystems.org/traceIO/bold.org/1872414	2010-06-16T20:24:30	Biodiversity Institute of Ontario	F	rbcLa-F	rbcLa
KNPB443-10	PRE633	1468552	Braun K.P.1006		South African National Biodiversity Institute			12	Magnoliophyta	44	Liliopsida	200	Poales											Lyn Fish							Braun, K.P.															-29.9708	28.8803							Lesotho					1109364	http://www.boldsystems.org/pics/KNPB/PRE633+1301758766.jpg	Herbarium Specimen				No Rights Reserved			3605224	rbcLa		AGTGTT---GGATTTCAAGCTGGTGTTAAAGATTATAAATTGACTTACTACACCCCGGAGTATGAAACCAAGGATACTGATATCTTGGCAGCATTCCGAGTAACTCCTCAACCTGGGGTTCCGCCGGAAGAAGCAGGGGCTGCAGTAGCTGCCGAATCTTCTACTGGTACATGGACAACTGTTTGGACTGATGGACTTACCAGTCTTGATCGTTACAAAGGACGATGCTATCACATCGAGCCTGTTGCTGGGGAAGACAACCAATGGATCTGTTATGTAGCTTATCCATTAGACCTATTTGAAGAGGGTTCCGTTACTAACATGTTTACTTCCATTGTGGGTAACGTATTTGGTTTCAAAGCCCTACGTGCTCTACGTTTGGAGGATCTACGAATTCCCCCTGCTTATACAAAAACTTTCCAAGGCCCGCCTCATGGTATCCAAGTTGAAAGAGATAAGTTGAACAAGTATGGTCGTCCTTTATTGGGATGTACTATTAAACCAAAATTGGGATTATCTGCAAAAAATTACGGTAGAGCGTGTTATGAGTGTCTA	2168972	KNPB443-10[rbcLa-F,rbcLa-R]_F.ab1	http://trace.boldsystems.org/traceIO/bold.org/1873124	2010-06-16T22:37:25	Biodiversity Institute of Ontario	F	rbcLa-F	rbcLa
KNPB447-10	PRE637	1468556	Braun K.P1089		South African National Biodiversity Institute			12	Magnoliophyta	44	Liliopsida	200	Poales											Lyn Fish							Braun, K.P															-29.3975	27.9333							Lesotho					1109366	http://www.boldsystems.org/pics/KNPB/PRE637+1301758772.jpg	Herbarium Specimen				No Rights Reserved			3605226	rbcLa		AGTGTT---GGATTTCAAGCTGGTGTTAAAGATTATAAATTGACTTACTACACCCCGGAGTATGAAACCAAGGATACTGATATCTTGGCAGCATTCCGAGTAACTCCTCAACCTGGGGTTCCGCCGGAAGAAGCAGGGGCTGCAGTAGCTGCCGAATCTTCTACTGGTACATGGACAACTGTTTGGACTGATGGACTTACCAGTCTTGATCGTTACAAAGGACGATGCTATCACATCGAGCCTGTTGCTGGGGAAGACAACCAATGGATCTGTTATGTAGCTTATCCATTAGACCTATTTGAAGAGGGTTCCGTTACTAACATGTTTACTTCCATTGTGGGTAACGTATTTGGTTTCAAAGCCCTACGTGCTCTACGTTTGGAGGATCTACGAATTCCCCCTGCTTATACAAAAACTTTCCAAGGCCCGCCTCATGGTATCCAAGTTGAAAGAGATAAGTTGAACAAGTATGGNCGTCCTTTATTGGGATGTACTATTAAACCAAAATTGGGATTATCTGCAAAAAATTACGGTAGAGCGTGTTATGAGTGTCTA	2168976	KNPB447-10[rbcLa-F,rbcLa-R]_F.ab1	http://trace.boldsystems.org/traceIO/bold.org/1873128	2010-06-16T22:37:25	Biodiversity Institute of Ontario	F	rbcLa-F	rbcLa
LBEOW537-10	LAS-DR-185	1494000	LAS-DR-185	LAS-DR-185	Research Collection of Vadim V. Zolotuhin		BOLD:AAL9835	20	Arthropoda	82	Insecta	113	Lepidoptera											Vadim V. Zolotuhin							V. Kovtunovich & A. Sochivko							A	M	S						-29.26	29.29			2440				Lesotho														3581764	COI-5P	HM870787-SUPPRESSED	AACATTATATTTTATTTTTGGAATTTGAGCAGGAATAGTAGGAACTTCTTTAAGTTTATTAATTCGAGCTGAACTAGGAACCCCCGGTTCACTAATTGGAGATGATCAAATTTATAATACTATTGTAACAGCTCATGCTTTCATTATAATTTTTTTCATAGTAATACCTATTATAATTGGAGGATTTGGAAATTGATTAGTCCCATTAATATTAGGAGCTCCTGATATAGCCTTCCCCCGTATAAATAATATAAGTTTCTGATTATTACCCCCTTCTCTTACTCTTTTAATTTCAAGAAGAATTGTAGAAAATGGAGCAGGTACAGGATGAACTGTTTATCCACCTCTATCATCTAATATTGCTCATGGGGGGAGATCAGTTGATTTAGCTATTTTTTCCCTTCATTTGGCTGGAATTTCTTCTATTTTAGGGGCAATTAATTTTATTACAACAATTATTAATATACGTTTAAATAATATATCATTGGATCAAATACCTTTATTCGTTTGATCTGTAGGAATTACAGCATTCTTACTTCTCCTTTCATTACCAGTACTTGCAGGAGCAATTACAATATTACTAACAGACCGTAACTTAAATACATCATTTTTTGACCCCTCTGGAGGAGGGGATCCTATCCTATACCAACATTTATTT	2138395	LBEOW537-10[LepF1,LepR1]_F.ab1	http://trace.boldsystems.org/traceIO/bold.org/1843691	2010-06-17T02:07:41	Biodiversity Institute of Ontario	F	LepF1	COI-5P
PBLEA694-11	2011-29	2103825	2011-29	2011-29	Research Collection of Vasily Kovtunovich			20	Arthropoda	82	Insecta	113	Lepidoptera											Vasily N Kovtunovich							P.Y. Ustjuzhanin							A	M	S														Lesotho														4173743	COI-5P		AACATTATATTTTATTTTTGGAATTTGAGCTGGATTATTAGGAACTTCATTAAGAATATTAATTCGAGCTGAATTAGGTAATCCTGGATCATTAATTGGAGATGATCAAATTTATAATACTATTGTAACAGCTCATGCTTTTATTATAATTTTTTTTATAGTTATACCCATTATAATTGGAGGATTTGGAAATTGATTAATCCCCTTAATAATAGGAGCCCCTGATATAGCTTTCCCCCGAATAAATAATATAAGTTTCTGACTTTTACCCCCCTCTATTATTCTTTTAATTTCAAGTAGAATTGTAGAAAATGGTGCAGGAACAGGATGAACAGTTTATCCCCCCTTATCATCTAATTTAACCCATAGAGGAAGATCAGTAGATTTAACAATTTTTTCCCTTCATTTAGCTGGAATTTCATCTATTTTAGGAGCTATTAACTTTATTACTACTATTTTTAATATACGATTAAATACCATAATATTTGATCAAATACCTTTATTTATCTGAGCAGTAGGAATTACTGCAATTTTATTATTATTATCTTTACCAGTTCTAGCAGGAGCTATTACTATATTATTAACTGATCGAAATATTAATACATCATTTTTTGATCCTGCTGGAGGAGGAGATCCAATTTTATATCAACATTTATTT	3539583	PBLEA694-11[LepF1,LepR1]_F.ab1	http://trace.boldsystems.org/traceIO/bold.org/3204637	2011-11-07T20:18:51	Biodiversity Institute of Ontario	F	LepF1	COI-5P
PBLEA695-11	2011-30	2103826	2011-30	2011-30	Research Collection of Vasily Kovtunovich			20	Arthropoda	82	Insecta	113	Lepidoptera											Vasily N Kovtunovich							P.Y. Ustjuzhanin							A	F	S														Lesotho														4173746	COI-5P		AACATTATATTTTATTTTTGGAATTTGAGCTGGATTATTAGGAACTTCATTAAGAATATTAATTCGAGCTGAATTAGGTAATCCTGGATCATTAATTGGAGATGATCAAATTTATAATACTATTGTAACAGCTCATGCTTTTATTATAATTTTTTTTATAGTTATACCCATTATAATTGGAGGATTTGGAAATTGATTAATCCCCTTAATAATAGGAGCCCCTGATATAGCTTTCCCCCGAATAAATAATATAAGTTTCTGACTTTTACCCCCCTCTATTATTCTTTTAATTTCAAGTAGAATTGTAGAAAATGGTGCAGGAACAGGATGAACAGTTTATCCCCCCTTATCATCTAATTTAACCCATAGAGGAAGATCAGTAGATTTAACAATTTTTTCCCTTCATTTAGCTGGAATTTCATCTATTTTAGGAGCTATTAACTTTATTACTACTATTTTTAATATACGATTAAATACCATAATATTTGATCAAATACCTTTATTTATCTGAGCAGTAGGAATTACTGCAATTTTATTATTATTATCTTTACCAGTTCTAGCAGGAGCTATTACTATATTATTAACTGATCGAAATATTAATACATCATTTTTTGATCCTGCTGGAGGAGGAGATCCAATTTTATATCAACATTTATTT	3539584	PBLEA695-11[LepF1,LepR1]_F.ab1	http://trace.boldsystems.org/traceIO/bold.org/3204638	2011-11-07T20:18:51	Biodiversity Institute of Ontario	F	LepF1	COI-5P
PBLEA698-11	2011-33	2103829	2011-33	2011-33	Research Collection of Vasily Kovtunovich		BOLD:ABA4668	20	Arthropoda	82	Insecta	113	Lepidoptera											Vasily N Kovtunovich							P.Y. Ustjuzhanin							A	M	S														Lesotho														4173744	COI-5P		AACATTATATTTTATTTTTGGAATTTGAGCTGGATTATTAGGAACTTCATTAAGAATATTAATTCGAGCTGAATTAGGTAATCCTGGATCATTAATTGGAGATGATCAAATTTATAATACTATTGTAACAGCTCATGCTTTTATTATAATTTTTTTTATAGTTATACCCATTATAATTGGAGGATTTGGAAATTGATTAATCCCCTTAATAATAGGAGCCCCTGATATAGCTTTCCCCCGAATAAATAATATAAGTTTCTGACTTTTACCCCCCTCTATTATTCTTTTAATTTCAAGTAGAATTGTAGAAAATGGTGCAGGAACAGGATGAACAGTTTATCCCCCCTTATCATCTAATTTAACCCATAGAGGAAGATCAGTAGATTTAACAATTTTTTCCCTTCATTTAGCTGGAATTTCATCTATTTTAGGAGCTATTAACTTTATTACTACTATTTTTAATATACGATTAAATACCATAATATTTGATCAAATACCTTTATTTATCTGAGCAGTAGGAATTACTGCAATTTTATTATTATTATCTTTACCAGTTCTAGCAGGAGCTATTACTATATTATTAACTGATCGAAATATTAATACATCATTTTTTGATCCTGCTGGAGGAGGAGATCCAATTTTATATCAACATTTATTT	3539587	PBLEA698-11[LepF1,LepR1]_F.ab1	http://trace.boldsystems.org/traceIO/bold.org/3204641	2011-11-07T20:18:51	Biodiversity Institute of Ontario	F	LepF1	COI-5P
PBLEA699-11	2011-34	2103830	2011-34	2011-34	Research Collection of Vasily Kovtunovich		BOLD:ABA4668	20	Arthropoda	82	Insecta	113	Lepidoptera											Vasily N Kovtunovich							P.Y. Ustjuzhanin							A	F	S														Lesotho														4173745	COI-5P		AACATTATATTTTATTTTTGGAATTTGAGCTGGATTATTAGGAACTTCATTAAGAATATTAATTCGAGCTGAATTAGGTAATCCTGGATCATTAATTGGAGATGATCAAATTTATAATACTATTGTAACAGCTCATGCTTTTATTATAATTTTTTTTATAGTTATACCCATTATAATTGGAGGATTTGGAAATTGATTAATCCCCTTAATAATAGGAGCCCCTGATATAGCTTTCCCCCGAATAAATAATATAAGTTTCTGACTTTTACCCCCCTCTATTATTCTTTTAATTTCAAGTAGAATTGTAGAAAATGGTGCAGGAACAGGATGAACAGTTTATCCCCCCTTATCATCTAATTTAACCCATAGAGGAAGATCAGTAGATTTAACAATTTTTTCCCTTCATTTAGCTGGAATTTCATCTATTTTAGGAGCTATTAACTTTATTACTACTATTTTTAATATACGATTAAATACCATAATATTTGATCAAATACCTTTATTTATCTGAGCAGTAGGAATTACTGCAATTTTATTATTATTATCTTTACCAGTTCTAGCAGGAGCTATTACTATATTATTAACTGATCGAAATATTAATACATCATTTTTTGATCCTGCTGGAGGAGGAGATCCAATTTTATATCAACATTTATTT	3539588	PBLEA699-11[LepF1,LepR1]_F.ab1	http://trace.boldsystems.org/traceIO/bold.org/3204642	2011-11-07T20:18:51	Biodiversity Institute of Ontario	F	LepF1	COI-5P
SAFH020-10	Braun_KP_2090	1340296	Braun KP 2090		Pretoria National Herbarium			12	Magnoliophyta	44	Liliopsida	200	Poales											Lyn Fish							Braun KP															-29.0833	28.4833							Lesotho					1197800	http://www.boldsystems.org/pics/KNPB/Braun_KP_2090+1309650060.jpg	Herbarium Specimen				No Rights Reserved			3564593	rbcLa		AGTGTT---GGATTTAAAGCTGGTGTTAAGGATTATAAATTGACTTACTACACCCCGGAGTACGAAACCAAAGATACTGATATCTTGGCAGCATTCCGAGTAACTCCTCAGCTCGGGGTTCCGCCTGAAGAAGCAGGAGCTGCAGTAGCTGCGGAATCTTCTACTGGTACATGGACAACTGTTTGGACTGATGGACTTACCAGTCTTGATCGTTACAAAGGACGATGCTATCACATCGAGCCCGTTCCTGGGGACCCAGATCAATATATCTGTTATGTAGCTTATCCATTAGACCTATTTGAAGAGGGTTCTGTTACTAACATGTTTACTTCCATTGTGGGTAACGTATTTGGTTTCAAAGCCTTACGCGCTCTACGTTTGGAGGATCTACGAATTCCCCCTGCTTATGCAAAAACTTTCCAAGGTCCGCCTCACGGTATCCAAGTTGAAAGGGATAAGTTGAACAAGTACGGTCGTCCTTTATTGGGATGTACTATTAAACCAAAATTGGGATTATCCGCAAAAAATTACGGTAGAGCGTGTTATGAGTGTCTA	2104014	SAFH020-10[rbcLa-F,rbcLa-R]_F.ab1	http://trace.boldsystems.org/traceIO/bold.org/1810814	2010-05-28T07:51:08	Biodiversity Institute of Ontario	F	rbcLa-F	rbcLa
